ObjectName,LookInfoKey,Desc,Mesh,Material,Animset,PhysicAsset,ParticleSystem
ITR_00319,EFDataStore_LookInfosProp.ITR_00319,,,,,,
ITR_00353,EFDataStore_LookInfosProp.ITR_00353,,,,,,
ITR_00001,EFDLProp_ITR_00001.ITR_00001,보물상자1,ITR_00001.Mesh.ITR_00001_SK,,ITR_00001.Ani.ITR_00001_Ani,ITR_00001.Ani.ITR_00001_Physics,
ITR_00002,EFDLProp_ITR_00002.ITR_00002,우물,ITR_00002.Mesh.ITR_00002_SK,,ITR_00002.Ani.ITR_00002_Ani,ITR_00002.Ani.ITR_00002_SK_Physics_01,
ITR_00004,EFDLProp_ITR_00004.ITR_00004,장작더미,ITR_00004.Mesh.ITR_00004_SK,,,ITR_00004.Ani.ITR_00004_Physics,
ITR_00005,EFDLProp_ITR_00005.ITR_00005,조각난 악마들의 시체,ITR_00005.Mesh.ITR_00005_SK,,,ITR_00005.Ani.ITR_00005_Physics,
ITR_00006,EFDLProp_ITR_00006.ITR_00006,불타는 짚단(Cylinder),ITR_00101.Mesh.ITR_00101_SK,,ITR_00101.Ani.ITR_00101_Ani,ITR_00101.Ani.ITR_00101_Physics,
ITR_00007,EFDLProp_ITR_00007.ITR_00007,거대향로,ITR_00007.Mesh.ITR_00007_SK,,ITR_00.Ani.ITR_Common_Ani,ITR_00007.Ani.ITR_00007_Physics,BFX_Low_03.Smoke.Par_G_PinkSmoke_02 BFX_Low_03.Smoke.Par_G_PinkSmoke_02_01 BFX_Low_03.Smoke.Par_G_PinkSmoke_02_01
ITR_00008,EFDLProp_ITR_00008.ITR_00008,봉화대,ITR_00008.ITR_ANH_signalfire02_SK,,ITR_00.Ani.ITR_Common_Ani,ITR_00008.ITR_ANH_signalfire02_SK_Physics,BFX_Low_01.Fire.Par_C_Fire_001 BFX_Low_01.Fire.Par_C_Fire_001 BFX_Low_01.Fire.Par_C_Fire_001
ITR_00009,EFDLProp_ITR_00009.ITR_00009,불타는 상자 더미,ITR_00009.Mesh.ITR_00009_SK,,ITR_00009.Ani.ITR_00009_Ani,ITR_00009.Ani.ITR_00009_Physics,BFX_Low_01.Fire.Par_G_Fire_02 BFX_Low_01.Fire.Par_G_Fire_02_01 BFX_Low_03.Smoke.Par_G_Smoke_02
ITR_00010,EFDLProp_ITR_00010.ITR_00010,붉은염료 자루,ITR_00010.Mesh.ITR_00010_SK,,,ITR_00010.Ani.ITR_00010_Physics,
ITR_00011,EFDLProp_ITR_00011.ITR_00011,향수병이 있는 연회장 탁자,ITR_00011.Mesh.ITR_00011_SK,,,ITR_00011.Ani.ITR_00011_Physics,
ITR_00012,EFDLProp_ITR_00012.ITR_00012,비파조각,ITR_00012.Mesh.ITR_00012_SK,,,ITR_00012.Ani.ITR_00012_Physics,
ITR_00013,EFDLProp_ITR_00013.ITR_00013,중형게시판,ITR_00013.Mesh.ITR_00013_SK,,,ITR_00013.Ani.ITR_00013_Physics,
ITR_00014,EFDLProp_ITR_00014.ITR_00014,짐더미,ITR_00014.Mesh.ITR_00014_SK,,ITR_00014.Ani.ITR_00014_Ani,ITR_00014.Ani.ITR_00014_Physics,FX_BS_00.Hit.Par_E_HitDefault_01 BFX_Low_00.Dust.Par_G_ITR_BM01_Hit_02 BFX_Low_00.Dust.Par_G_ITR_BM01_Hit_02
ITR_00015,EFDLProp_ITR_00015.ITR_00015,화려한화단,ITR_00015.Mesh.ITR_00015_SK,,,ITR_00015.Ani.ITR_00015_Physics,
ITR_00016,EFDLProp_ITR_00016.ITR_00016,폭약통,ITR_00016.Mesh.ITR_00016_SK,,ITR_00016.Ani.ITR_00016_Ani,ITR_00016.Ani.ITR_00016_Physics,BFX_Low_01.Fire.Par_G_ITR_ACC_BARREL01 BFX_Low_01.Explosion.Par_G_Explosion_001 FX_BS_00.Hit.Par_E_HitDefault_01
ITR_00017,EFDLProp_ITR_00017.ITR_00017,수상한 제단,ITR_00017.Mesh.ITR_00017_SK,,,ITR_00017.Ani.ITR_00017_Physics,BFX_Low_01.Fire.Par_G_ITR_ALTAR
ITR_00018,EFDLProp_ITR_00018.ITR_00018,암흑망상의제단,ITR_00018.Mesh.ITR_00018_Sk,,ITR_00018.Ani.ITR_00018_Ani,ITR_00018.Ani.ITR_00018_Physics,BFX_Low_01.Etc.Par_G_ITR_ALTAR_DARK
ITR_00019,EFDLProp_ITR_00019.ITR_00019,화염망상의제단,ITR_00019.Mesh.ITR_00019_Sk,,ITR_00019.Ani.ITR_00019_Ani,ITR_00018.Ani.ITR_00018_Physics,BFX_Low_01.Fire.Par_G_ITR_ALTAR_FIRE
ITR_00020,EFDLProp_ITR_00020.ITR_00020,얼음망상의제단,ITR_00020.Mesh.ITR_00020_Sk,,ITR_00020.Ani.ITR_00020_Ani,ITR_00018.Ani.ITR_00018_Physics,BFX_Low_03.Snow.Par_G_ITR_ALTAR_ICE
ITR_00021,EFDLProp_ITR_00021.ITR_00021,아만,NP_LPAM_00.Mesh.NP_LPAM_00_Sk,,NP_LPAM_00.Ani.NP_LPAM_00_Ani,NP_LPAM_00.Ani.NP_LPAM_00_Physics,
ITR_00022,EFDLProp_ITR_00022.ITR_00022,애니츠 양식 여닫이 문 - 2인 / 클릭,ITR_00022.Mesh.ITR_00022_SK,,ITR_00022.Ani.ITR_00022_Ani,ITR_00022.Ani.ITR_00022_Physics,
ITR_00023,EFDLProp_ITR_00023.ITR_00023,애니츠 양식 여닫이 문 - 1인,ITR_00023.Mesh.ITR_00023_SK,,ITR_00023.Ani.ITR_00023_Ani,ITR_00023.Ani.ITR_00023_Physics,
ITR_00024,EFDLProp_ITR_00024.ITR_00024,애니츠 창고 문 - 2인,ITR_00024.Mesh.ITR_00024_SK,,ITR_00024.Ani.ITR_00024_Ani,ITR_00024.Ani.ITR_00024_Physics,
ITR_00025,EFDLProp_ITR_00025.ITR_00025,애니츠 창고 문 - 1인,ITR_00025.Mesh.ITR_00025_SK,,ITR_00025.Ani.ITR_00025_Ani,ITR_00025.Ani.ITR_00025_Physics,
ITR_00026,EFDLProp_ITR_00026.ITR_00026,애니츠 양식 여닫이 문 - 2인 / 파괴,ITR_00026.Mesh.ITR_00026_SK,,ITR_00026.Ani.ITR_00026_Ani,ITR_00026.Ani.ITR_00026_Physics,FX_BS_00.Hit.Par_E_HitDefault_01 BFX_Low_00.Dust.Par_G_WoodDust_02 BFX_Low_00.Dust.Par_G_WoodDust_02
ITR_00027,EFDLProp_ITR_00027.ITR_00027,애니츠 여닫이 단문 파괴형,ITR_00027.Mesh.ITR_00027_SK,,,ITR_00027.Ani.ITR_00027_Physics,
ITR_00028,EFDLProp_ITR_00028.ITR_00028,호동이 매달린 난간,ITR_00028.Mesh.ITR_00028_SK,,ITR_00028.Ani.ITR_00028_Ani,ITR_00028.Ani.ITR_00028_Physics,BFX_Low_00.Dust.Par_G_WoodDust_01
ITR_00029,EFDLProp_ITR_00029.ITR_00029,뼈 더미,ITR_00029.Mesh.ITR_00029_SK,,ITR_00029.Ani.ITR_00029_Ani,ITR_00029.Ani.ITR_00029_Physics,FX_BS_00.Hit.Par_E_HitDefault_01 BFX_Low_00.Dust.Par_G_BoxDust_001 BFX_Low_00.Dust.Par_G_BoxDust_001
ITR_00030,EFDLProp_ITR_00030.ITR_00030,불길한 질병 구체01,ITR_00030.Mesh.ITR_00030_SK,,ITR_00030.Ani.ITR_00030_Ani,ITR_00030.Ani.ITR_00030_Physics,bfx_low_02.Poison.Par_G_Poison_03 FX_BS_00.Hit.Par_C_Poison_002 bfx_low_02.Poison.Par_G_Poison_02 bfx_low_02.Poison.Par_G_Poison_01 bfx_low_02.Poison.Par_G_Poison_03 bfx_low_02.Poison.Par_G_Poison_01
ITR_00031,EFDLProp_ITR_00031.ITR_00031,부서질거 같은 벽,ITR_00031.Mesh.ITR_00031_SK,,ITR_00031.Ani.ITR_00031_Ani,ITR_00031.Ani.ITR_00031_Physics,FX_BS_00.Hit.Par_E_HitDefault_01 BFX_Low_00.Dust.Par_G_DustBurst_02 BFX_Low_00.Dust.Par_G_DustBurst_03
ITR_00032,EFDLProp_ITR_00032.ITR_00032,보리,ITR_00032.Mesh.ITR_00032_SK,,ITR_00032.Ani.ITR_00032_Ani,ITR_00032.Ani.ITR_00032_Physics,
ITR_00033,EFDLProp_ITR_00033.ITR_00033,벌집,ITR_00033.Mesh.ITR_00033_SK,,,ITR_00033.Ani.ITR_00033_Physics,
ITR_00034,EFDLProp_ITR_00034.ITR_00034,미사종,ITR_00034.Mesh.ITR_00034_SK,,ITR_00034.Ani.ITR_00034_Ani,ITR_00034.Ani.ITR_00034_Physics,
ITR_00035,EFDLProp_ITR_00035.ITR_00035,뼈말리꽃,ITR_00035.Mesh.ITR_00035_SK,,ITR_00.Ani.ITR_Common_Ani,ITR_00035.Ani.ITR_00035_Physics,BFX_Low_03.Sparkling.Par_G_Flower_001
ITR_00036,EFDLProp_ITR_00036.ITR_00036,아만의 사인이 담긴 성서,ITR_00036.Mesh.ITR_00036_SK,,,ITR_00036.Ani.ITR_00036_Physics,
ITR_00037,EFDLProp_ITR_00037.ITR_00037,구르는 돌을 감싼 가시줄기1,ITR_00037.Mesh.ITR_00037_SK,,ITR_00037.Ani.ITR_00037_Ani,ITR_00037.Ani.ITR_00037_Physics,FX_BS_00.Hit.Par_E_HitDefault_01 BFX_Low_00.Dust.Par_C_DustBurst_001
ITR_00038,EFDLProp_ITR_00038.ITR_00038,구르는 돌을 감싼 가시줄기2,ITR_00038.Mesh.ITR_00038_SK,,ITR_00038.Ani.ITR_00038_Ani,ITR_00038.Ani.ITR_00038_Physics,FX_BS_00.Hit.Par_E_HitDefault_01 BFX_Low_00.Dust.Par_C_DustBurst_001
ITR_00039,EFDLProp_ITR_00039.ITR_00039,대주교석상1,ITR_00039.Mesh.ITR_00039_SK,,,ITR_00039.Ani.ITR_00039_Physics,
ITR_00040,EFDLProp_ITR_00040.ITR_00040,대주교석상2,ITR_00040.Mesh.ITR_00040_SK,,,ITR_00040.Ani.ITR_00040_Physics,
ITR_00041,EFDLProp_ITR_00041.ITR_00041,대주교석상3,ITR_00039.Mesh.ITR_00039_SK,,,ITR_00039.Ani.ITR_00039_Physics,
ITR_00042,EFDLProp_ITR_00042.ITR_00042,짐더미,ITR_00042.Mesh.ITR_00042_Sk,,ITR_00042.Ani.ITR_00042_Ani,ITR_00042.Ani.ITR_00042_Physics,FX_BS_00.Hit.Par_E_HitDefault_01 BFX_Low_00.Dust.Par_G_BoxDust_001 BFX_Low_00.Dust.Par_C_DustBurst_001 BFX_Low_00.Dust.Par_C_DustBurst_001
ITR_00043,EFDLProp_ITR_00043.ITR_00043,나무상자,ITR_00043.Mesh.ITR_00043_SK,,ITR_00043.Ani.ITR_00043_Ani,ITR_00043.Ani.ITR_00043_Physics,FX_BS_00.Hit.Par_E_HitDefault_01 BFX_Low_00.Dust.Par_C_BoxCrash_001 BFX_Low_00.Dust.Par_C_BoxCrash_001 BFX_Low_00.Dust.Par_C_BoxCrash_001
ITR_00044,EFDLProp_ITR_00044.ITR_00044,쌓여있는 자재더미,ITR_00044.Mesh.ITR_00044_SK,,ITR_00044.Ani.ITR_00044_Ani,ITR_00044.Ani.ITR_00044_Physics,BFX_Low_00.Dust.Par_G_ITR_BM01_Hit_02 BFX_Low_00.Dust.Par_G_ITR_BM01_Off BFX_Low_00.Dust.Par_G_ITR_BM01_Off BFX_Low_00.Dust.Par_G_ITR_PILLAR11_Dust_001 FX_BS_00.Hit.Par_E_HitDefault_01
ITR_00045,EFDLProp_ITR_00045.ITR_00045,마을게시판,ITR_00045.Mesh.ITR_00045_SK,,,ITR_00045.Ani.ITR_00045_Physics,
ITR_00046,EFDLProp_ITR_00046.ITR_00046,미친 상인의 골동품,ITR_00046.Mesh.ITR_00046_SK,,,ITR_00046.Ani.ITR_00046_Physics,
ITR_00047,EFDLProp_ITR_00047.ITR_00047,쌓아놓은짐더미,ITR_00047.Mesh.ITR_00047_SK,,ITR_00047.Ani.ITR_00047_Ani,ITR_00047.Ani.ITR_00047_Physics,BFX_Low_00.Dust.Par_G_BoxDust_001
ITR_00048,EFDLProp_ITR_00048.ITR_00048,,ITR_00047.Mesh.ITR_00047_SK,,ITR_01.Ani.BOX_ACTION_OFFONLY_Ani,ITR_00047.Ani.ITR_00047_Physics,BFX_Low_00.Dust.Par_G_BoxDust_001
ITR_00049,EFDLProp_ITR_00049.ITR_00049,,ITR_00047.Mesh.ITR_00047_SK,,ITR_01.Ani.BOX_ACTION_OFFONLY_Ani,ITR_00047.Ani.ITR_00047_Physics,BFX_Low_00.Dust.Par_G_BoxDust_001
ITR_00050,EFDLProp_ITR_00050.ITR_00050,임시용 카양겔,ITR_00050.Mesh.ITR_00050_SK,,,ITR_00050.Ani.ITR_00050_Physics,
ITR_00051,EFDLProp_ITR_00051.ITR_00051,불씨가 담긴 화로,ITR_00051.Mesh.ITR_00051_SK,,ITR_00.Ani.ITR_NewCommon_Ani,ITR_00051.Ani.ITR_00051_Physics,BFX_Low_00.Dust.Par_G_ITR_BRAZIER_A_Smoke FX_BS_00.Hit.Par_E_HitDefault_01 BFX_Low_01.Fire.Par_G_ITR_Brazier_A_On
ITR_00052,EFDLProp_ITR_00052.ITR_00052,두레박,ITR_00052.Mesh.ITR_00052_SK,,ITR_00053.Ani.ITR_00053_Ani,ITR_00052.Ani.ITR_00052_Physics,
ITR_00053,EFDLProp_ITR_00053.ITR_00053,불타버린 시체1,ITR_00053.Mesh.ITR_00053_SK,,ITR_00053.Ani.ITR_00053_Ani,ITR_00053.Ani.ITR_00053_Physics,BFX_Low_01.Fire.Par_G_ITR_BURNEDBODY_1
ITR_00054,EFDLProp_ITR_00054.ITR_00054,불타버린 시체2,ITR_00054.Mesh.ITR_00054_SK,,ITR_00054.Ani.ITR_00054_Ani,ITR_00054.Ani.ITR_00054_Physics,BFX_Low_01.Fire.Par_G_ITR_BURNEDBODY_2
ITR_00055,EFDLProp_ITR_00055.ITR_00055,불타버린 시체3,ITR_00055.Mesh.ITR_00055_SK,,ITR_00055.Ani.ITR_00055_Ani,ITR_00055.Ani.ITR_00055_Physics,BFX_Low_01.Fire.Par_G_ITR_BURNEDBODY_3
ITR_00056,EFDLProp_ITR_00056.ITR_00056,닭이 지키던 계란,ITR_00056.Mesh.ITR_00056_SK,,,ITR_00056.Ani.ITR_00056_Physics,
ITR_00057,EFDLProp_ITR_00057.ITR_00057,의자-공용모션1,ITR_00057.Mesh.ITR_00057_SK,,,ITR_00057.Ani.ITR_00057_Physics,
ITR_00058,EFDLProp_ITR_00058.ITR_00058,의자-공용모션2,ITR_00058.Mesh.ITR_00058_SK,,,ITR_00058.Ani.ITR_00058_Physics,
ITR_00059,EFDLProp_ITR_00059.ITR_00059,의자-공용모션3,ITR_00059.Mesh.ITR_00059_SK,,,ITR_00059.Ani.ITR_00059_Physics,
ITR_00060,EFDLProp_ITR_00060.ITR_00060,의자-공용모션4,ITR_00060.Mesh.ITR_00060_SK,,,ITR_00060.Ani.ITR_00060_Physics,
ITR_00061,EFDLProp_ITR_00061.ITR_00061,봉인해제장치,ITR_00061.Mesh.ITR_00061_SK,,ITR_00061.Ani.ITR_00061_Ani,ITR_00061.Ani.ITR_00061_Physics,FX_H_01.FX_Par.Par_H_LightBeam_End_01_2
ITR_00062,EFDLProp_ITR_00062.ITR_00062,마차,ITR_00062.Mesh.ITR_00062_SK,,,ITR_00062.Ani.ITR_00062_Physics,
ITR_00063,EFDLProp_ITR_00063.ITR_00063,마차_말걸이없는것,ITR_00063.Mesh.ITR_00063_SK,,,ITR_00063.Ani.ITR_00063_Physics,
ITR_00064,EFDLProp_ITR_00064.ITR_00064,동전 분수,ITR_00064.Mesh.ITR_00064_SK,,,ITR_00064.Ani.ITR_00064_Physics,
ITR_00065,EFDLProp_ITR_00065.ITR_00065,삭제예정_터치형프랍_버프테스트_힐,ITR_00065.Mesh.ITR_00065_SK,,,ITR_00065.Ani.ITR_00065_Physics,
ITR_00066,EFDLProp_ITR_00066.ITR_00066,벌목_대형나무_192,ITR_00066.ITR_Collect_Tree01_SK,,ITR_00066.ITR_Collect_Tree01_Ani,ITR_00066.ITR_Collect_Tree01_Physics,bfx_low_02.Leaf.Par_G_Leaf_005_02 bfx_low_02.Leaf.Par_G_Leaf_005 bfx_low_02.Leaf.Par_G_Leaf_005_01
ITR_00067,EFDLProp_ITR_00067.ITR_00067,벌목_소형나무_64,ITR_00067.ITR_Collect_Tree02_SK,,ITR_00067.ITR_Collect_Tree02_Ani,ITR_00067.ITR_Collect_Tree02_Physics,bfx_low_02.Leaf.Par_G_Leaf_005_04 bfx_low_02.Leaf.Par_G_Leaf_005 bfx_low_02.Leaf.Par_G_Leaf_005_03
ITR_00068,EFDLProp_ITR_00068.ITR_00068,기중기,ITR_00068.Mesh.ITR_00068_SK,,ITR_00068.Ani.ITR_00068_Ani,ITR_00068.Ani.ITR_00068_Physics,
ITR_00069,EFDLProp_ITR_00069.ITR_00069,로나운의작업일지,ITR_00069.Mesh.ITR_00069_SK,,ITR_00069.Ani.ITR_00069_Ani,ITR_00069.Ani.ITR_00069_Physics,BFX_Low_00.Dust.Par_G_ITR_D_DT01 BFX_Low_00.Dust.Par_G_ITR_D_DT01
ITR_00070,EFDLProp_ITR_00070.ITR_00070,메피토의 집 창문,ITR_00070.Mesh.ITR_00070_SK,,ITR_00070.Ani.ITR_00070_Ani,ITR_00070.Ani.ITR_00070_Physics,bfx_low_02.Light.Par_G_DAC01_002
ITR_00071,EFDLProp_ITR_00071.ITR_00071,예비 모루,ITR_00071.Mesh.ITR_00071_SK,,ITR_00071.Ani.ITR_00071_Ani,ITR_00071.Ani.ITR_00071_Physics,
ITR_00072,EFDLProp_ITR_00072.ITR_00072,감염된 호위병사 1,ITR_00072.Mesh.ITR_00072_SK,ITR_00072.Mat.ITR_00072_MI,ITR_00072.Ani.ITR_00072_Ani,ITR_00072.Ani.ITR_00072_Physics,
ITR_00073,EFDLProp_ITR_00073.ITR_00073,감염된 호위병사 2,ITR_00073.Mesh.ITR_00073_SK,ITR_00072.Mat.ITR_00072_MI,ITR_00073.Ani.ITR_00073_Ani,ITR_00072.Ani.ITR_00072_Physics,
ITR_00074,EFDLProp_ITR_00074.ITR_00074,감염된 호위병사 3,ITR_00074.Mesh.ITR_00074_SK,ITR_00072.Mat.ITR_00072_MI,ITR_00074.Ani.ITR_00074_Ani,ITR_00072.Ani.ITR_00072_Physics,
ITR_00075,EFDLProp_ITR_00075.ITR_00075,몬스터사체1,ITR_00075.Mesh.ITR_00075_SK,,ITR_00075.Ani.ITR_00075_Ani,ITR_00075.Ani.ITR_00075_Physics,
ITR_00076,EFDLProp_ITR_00076.ITR_00076,몬스터사체2,ITR_00076.Mesh.ITR_00076_SK,,ITR_00076.Ani.ITR_00076_Ani,ITR_00076.Ani.ITR_00076_Physics,
ITR_00077,EFDLProp_ITR_00077.ITR_00077,수색대원시체,ITR_00077.Mesh.ITR_00077_SK,,ITR_00077.Ani.ITR_00077_Ani,ITR_00077.Ani.ITR_00077_Physics,BFX_Low_00.Aura.Par_G_DeadSoldier_01
ITR_00078,EFDLProp_ITR_00078.ITR_00078,수색대원시체2,ITR_00078.Mesh.ITR_00078_SK,,,ITR_00078.Ani.ITR_00078_Physics,
ITR_00079,EFDLProp_ITR_00079.ITR_00079,훼손된 대지,ITR_00079.Mesh.ITR_00079_SK,,,ITR_00079.Ani.ITR_00079_Physics,
ITR_00080,EFDLProp_ITR_00080.ITR_00080,윌의 길 입구,ITR_00080.Mesh.ITR_00080_SK,,ITR_00.Ani.ITR_NewCommon_Ani,ITR_00080.Ani.ITR_00080_Physics,BFX_Low_00.Dust.Par_G_DustBurst_04 BFX_Low_00.Dust.Par_G_BoxDust_001
ITR_00081,EFDLProp_ITR_00081.ITR_00081,꽃잎이슬 식물,ITR_00081.Mesh.ITR_00081_SK,,ITR_00081.Ani.ITR_00081_Ani,ITR_00081.Ani.ITR_00081_Physics,BFX_Low_04.Water.Par_D_Water_UPL02_007
ITR_00082,EFDLProp_ITR_00082.ITR_00082,다이나웨일의 코어(Cylinder),ITR_00082.Mesh.ITR_00082_SK,,ITR_00082.Ani.ITR_00082_Ani,ITR_00082.Ani.ITR_00082_Physics,FX_BS_00.Hit.Par_E_HitDefault_01 FX_BS_00.Hit.Par_E_blood_01 BFX_Low_00.Blood.Par_G_DinaBlood_002
ITR_00083,EFDLProp_ITR_00083.ITR_00083,다이나웨일의 코어껍질(Cylinder),ITR_00083.Mesh.ITR_00083_SK,,ITR_00083.Ani.ITR_00083_Ani,ITR_00083.Ani.ITR_00083_Physics,BFX_Low_00.Blood.Par_G_DinaBlood_001 FX_BS_00.Hit.Par_E_HitDefault_01 FX_BS_00.Hit.Par_E_blood_01
ITR_00084,EFDLProp_ITR_00084.ITR_00084,다이나웨일의 촉수,ITR_00084.Mesh.ITR_00084_SK,,ITR_00084.Ani.ITR_00084_Ani,ITR_00084.Ani.ITR_00084_Physics,FX_BS_00.Hit.Par_E_HitDefault_01 FX_BS_00.Hit.Par_E_blood_01 BFX_Low_00.Blood.Par_G_DinaBlood_003 BFX_Low_00.Blood.Par_G_DinaBlood_003 BFX_Low_00.Blood.Par_G_DinaBlood_003_On
ITR_00085,EFDLProp_ITR_00085.ITR_00085,,ITR_00085.Mesh.ITR_00085_SK,,ITR_00085.Ani.ITR_00085_Ani,ITR_00085.Ani.ITR_00085_Physics,
ITR_00086,EFDLProp_ITR_00086.ITR_00086,질병주머니,ITR_00086.Mesh.ITR_00086_SK,,ITR_00086.Ani.ITR_00086_Ani,ITR_00086.Ani.ITR_00086_Physics,bfx_low_02.Poison.Par_G_Poison_01 FX_BS_00.Hit.Par_E_HitDefault_01
ITR_00087,EFDLProp_ITR_00087.ITR_00087,질병덩어리파편,ITR_00087.Mesh.ITR_00087_SK,,ITR_00087.Ani.ITR_00087_Ani,ITR_00087.Ani.ITR_00087_Physics,bfx_low_02.Poison.Par_G_Poison_03 bfx_low_02.Poison.Par_G_Poison_01 FX_BS_00.Hit.Par_E_HitDefault_01
ITR_00088,EFDLProp_ITR_00088.ITR_00088,질병의씨앗더미,ITR_00088.Mesh.ITR_00088_SK,,ITR_00088.Ani.ITR_00088_Ani,ITR_00088.Ani.ITR_00088_Physics,bfx_low_02.Poison.Par_G_Poison_04 bfx_low_02.Poison.Par_G_Poison_05 FX_BS_00.Hit.Par_E_HitDefault_01
ITR_00089,EFDLProp_ITR_00089.ITR_00089,편지,ITR_00089.Mesh.ITR_00089_SK,,,ITR_00089.Ani.ITR_00089_Physics,
ITR_00090,EFDLProp_ITR_00090.ITR_00090,훈련용 더미 전사,ITR_00090.Mesh.ITR_00090_SK,,ITR_00090.Ani.ITR_00090_Ani,ITR_00090.Ani.ITR_00090_Physics,FX_BS_00.Hit.Par_E_HitDefault_01 BFX_Low_00.Dust.Par_C_DustBurst_001 FX_BS_00.Hit.Par_E_HitDefaultCri_01
ITR_00091,EFDLProp_ITR_00091.ITR_00091,가방,ITR_00091.Mesh.ITR_00091_SK,,,ITR_00091.Ani.ITR_00091_Physics,
ITR_00092,EFDLProp_ITR_00092.ITR_00092,계란이 담긴 둥지,ITR_00092.Mesh.ITR_00092_SK,,ITR_00092.Ani.ITR_00092_Ani,ITR_00092.Ani.ITR_00092_Physics,
ITR_00093,EFDLProp_ITR_00093.ITR_00093,중앙게이트,ITR_00093.Mesh.ITR_00093_SK,,ITR_00093.Ani.ITR_00093_Ani,ITR_00093.Ani.ITR_00093_Physics,
ITR_00094,EFDLProp_ITR_00094.ITR_00094,중앙게이트 0,,,,,
ITR_00095,EFDLProp_ITR_00095.ITR_00095,작은 소금 나무,ITR_00095.Mesh.ITR_00095_SK,,ITR_00095.Ani.ITR_00095_Ani,ITR_00095.Ani.ITR_00095_Physics,BFX_Low_03.Sparkling.Par_G_Salt_01 BFX_Low_03.Sparkling.Par_G_Salt_02 FX_BS_00.Hit.Par_E_HitDefault_01
ITR_00096,EFDLProp_ITR_00096.ITR_00096,부러진 거대 소금나무,ITR_00096.Mesh.ITR_00096_SK,,,ITR_00096.Ani.ITR_00096_Physics,
ITR_00097,EFDLProp_ITR_00097.ITR_00097,소금벌레 시체더미,ITR_00097.Mesh.ITR_00097_SK,,ITR_00097.Ani.ITR_00097_Ani,ITR_00097.Ani.ITR_00097_Physics,BFX_Low_00.Dust.Par_G_BoxDust_001
ITR_00098,EFDLProp_ITR_00098.ITR_00098,소금벌레 제단석상,ITR_00098.Mesh.ITR_00098_SK,,,ITR_00098.Ani.ITR_00098_Physics,
ITR_00099,EFDLProp_ITR_00099.ITR_00099,튼튼한나무,ITR_00099.Mesh.ITR_00099_SK,,ITR_00099.Ani.ITR_00099_Ani,ITR_00099.Ani.ITR_00099_Physics,bfx_low_02.Leaf.Par_G_Leaf_004_02 bfx_low_02.Leaf.Par_G_Leaf_004_01 bfx_low_02.Leaf.Par_G_Leaf_004 FX_BS_00.Hit.Par_E_HitDefault_01
ITR_00100,EFDLProp_ITR_00100.ITR_00100,화염지대,ITR_00.Mesh.ITR_Box256_SK,,,ITR_00.Ani.ITR_Box256_SK_Physics,BFX_Low_01.Fire.Par_C_Fire_003 BFX_Low_03.Snow.Par_G_ITR_FIREZONE
ITR_00101,EFDLProp_ITR_00101.ITR_00101,불타는 짚단(Cylinder),ITR_00101.Mesh.ITR_00101_SK,,ITR_00101.Ani.ITR_00101_Ani,ITR_00101.Ani.ITR_00101_Physics,BFX_Low_04.Water.Par_G_Water_002 BFX_Low_01.Fire.Par_G_Fire_03 BFX_Low_01.Fire.Par_G_Fire_03_01 BFX_Low_03.Smoke.Par_G_Smoke_02
ITR_00102,EFDLProp_ITR_00102.ITR_00102,담쟁이 넝쿨1,ITR_00118.Mesh.ITR_00118_SK,,ITR_00118.Ani.ITR_00118_Ani,ITR_00118.Ani.ITR_00118_Physics,
ITR_00103,EFDLProp_ITR_00103.ITR_00103,담쟁이 넝쿨2,,,,,
ITR_00104,EFDLProp_ITR_00104.ITR_00104,,ITR_00104.Mesh.ITR_00104_SK,,,ITR_00104.Ani.ITR_00104_Physics,
ITR_00105,EFDLProp_ITR_00105.ITR_00105,게오르크가 숨긴 상자,ITR_00105.Mesh.ITR_00105_SK,,ITR_00105.Ani.ITR_00105_Ani,ITR_00105.Ani.ITR_00105_Physics,BFX_Low_01.Explosion.Par_G_Explosion_001
ITR_00106,EFDLProp_ITR_00106.ITR_00106,옹기항아리,ITR_00106.Mesh.ITR_00106_SK,,ITR_00106.Ani.ITR_00106_Ani,ITR_00106.Ani.ITR_00106_Physics,FX_BS_00.Hit.Par_E_HitDefault_01 BFX_Low_00.Dust.Par_G_ITR_GLAZEPOT_Hit BFX_Low_00.Dust.Par_G_ITR_GLAZEPOT_Off
ITR_00107,EFDLProp_ITR_00107.ITR_00107,쓰레기더미,ITR_00107.Mesh.ITR_00107_SK,,ITR_00107.Ani.ITR_00107_Ani,ITR_00107.Ani.ITR_00107_Physics,
ITR_00108,EFDLProp_ITR_00108.ITR_00108,치어떼 유인 장치 활성화장치,ITR_00108.Mesh.ITR_00108_SK,,ITR_00108.Ani.ITR_00108_Ani,ITR_00108.Ani.ITR_00108_Physics,bfx_low_02.Light.Par_G_ITR_HBD01_03
ITR_00109,EFDLProp_ITR_00109.ITR_00109,서리초,ITR_00109.Mesh.ITR_00109_SK,,,ITR_00109.Ani.ITR_00109_Physics,
ITR_00110,EFDLProp_ITR_00110.ITR_00110,파비안이 갇힌 모래시계,ITR_00110.Mesh.ITR_00110_SK,,ITR_00110.Ani.ITR_00110_Ani,ITR_00110.Ani.ITR_00110_Physics,BFX_Low_00.Dust.Par_G_HourGlass_001
ITR_00111,EFDLProp_ITR_00111.ITR_00111,모래시계 파편,ITR_00111.Mesh.ITR_00111_SK,,ITR_00.Ani.ITR_NewCommon_Ani,ITR_00111.Ani.ITR_00111_Physics,BFX_Low_00.Dust.Par_G_HourGlass_001
ITR_00112,EFDLProp_ITR_00112.ITR_00112,얼음결계,ITR_00112.Mesh.ITR_00112_SK,,ITR_00112.Ani.ITR_00112_Ani,ITR_00112.Ani.ITR_00112_Physics,BFX_Low_03.Snow.Par_G_ITR_IB01
ITR_00113,EFDLProp_ITR_00113.ITR_00113,빙벽얼음,ITR_00113.Mesh.ITR_00113_SK,,ITR_00113.Ani.ITR_00113_Ani,ITR_00113.Ani.ITR_00113_Physics,BFX_Low_03.Snow.Par_G_ITR_SW01_Hit BFX_Low_03.Snow.Par_G_ITR_ICE FX_BS_00.Hit.Par_E_HitDefault_01
ITR_00114,EFDLProp_ITR_00114.ITR_00114,무쇠항아리,ITR_00114.Mesh.ITR_00114_SK,,ITR_00114.Ani.ITR_00114_Ani,ITR_00114.Ani.ITR_00114_Physics,FX_BS_00.Hit.Par_E_HitDefault_01 BFX_Low_00.Dust.Par_G_ITR_GLAZEPOT_Hit BFX_Low_00.Dust.Par_G_ITR_GLAZEPOT_Off
ITR_00115,EFDLProp_ITR_00115.ITR_00115,이동식 철책,ITR_00115.Mesh.ITR_00115_SK,,ITR_00115.Ani.ITR_00115_Ani,ITR_00115.Ani.ITR_00115_Physics,FX_BS_00.Hit.Par_E_HitDefault_01
ITR_00116,EFDLProp_ITR_00116.ITR_00116,감옥문,ITR_00116.Mesh.ITR_00116_SK,,ITR_00116.Ani.ITR_00116_Ani,ITR_00116.Ani.ITR_00116_Physics,
ITR_00117,EFDLProp_ITR_00117.ITR_00117,,ITR_00117.Mesh.ITR_00117_SK,,ITR_00117.Ani.ITR_00117_Ani,ITR_00117.Ani.ITR_00117_Physics,
ITR_00118,EFDLProp_ITR_00118.ITR_00118,담쟁이 넝쿨1-기어오르기,ITR_00118.Mesh.ITR_00118_SK,,,ITR_00118.Ani.ITR_00118_Physics,
ITR_00119,EFDLProp_ITR_00119.ITR_00119,담쟁이 넝쿨2-기어오르기,,,,ITR_03.Ani.ITR_KYG_Foliage_02_Physics,
ITR_00120,EFDLProp_ITR_00120.ITR_00120,,ITR_00120.Mesh.ITR_00120_SK,,,ITR_00120.Ani.ITR_00120_Physics,
ITR_00121,EFDLProp_ITR_00121.ITR_00121,수평레버_01,Lever_2_01.Mesh.Lever_2_01_SK,,Lever_2_01.Ani.Lever_2_01_Ani,Lever_2_01.Mesh.Lever_2_01_Physics,
ITR_00122,EFDLProp_ITR_00122.ITR_00122,톱니장치레버,ITR_00122.Mesh.ITR_00122_SK,,ITR_00122.Ani.ITR_00122_Ani,ITR_00122.Ani.ITR_00122_Physics,
ITR_00123,EFDLProp_ITR_00123.ITR_00123,회전바닥레버,Lever_2_01.Mesh.Lever_2_01_SK,,Lever_2_01.Ani.Lever_2_01_Ani,Lever_2_01.Mesh.Lever_2_01_Physics,
ITR_00124,EFDLProp_ITR_00124.ITR_00124,회전밀기레버,Lever_3_01.Mesh.Lever_3_01_SK,,Lever_3_01.Ani.Lever_3_01_Ani,Lever_3_01.Mesh.Lever_3_01_Physics,
ITR_00125,EFDLProp_ITR_00125.ITR_00125,닭,ITR_00125.Mesh.ITR_00125_SK,,ITR_00125.Ani.ITR_00125_Ani,ITR_00125.Ani.ITR_00125_Physics,
ITR_00126,EFDLProp_ITR_00126.ITR_00126,,ITR_00126.Mesh.ITR_00126_SK,,,ITR_00126.Ani.ITR_00126_Physics,
ITR_00127,EFDLProp_ITR_00127.ITR_00127,,ITR_00127.Mesh.ITR_00127_SK,,,ITR_00127.Ani.ITR_00127_Physics,
ITR_00128,EFDLProp_ITR_00128.ITR_00128,밤보족이 갇힌 우리,ITR_00128.Mesh.ITR_00128_SK,,ITR_00128.Ani.ITR_00128_Ani,ITR_00128.Ani.ITR_00128_Physics,BFX_Low_00.Dust.Par_G_ITR_LOV_AC01
ITR_00129,EFDLProp_ITR_00129.ITR_00129,,ITR_OLD.Mesh.LOV_FW_01_SK,,ITR_OLD.Ani.B_LOV_FW_01_Ani,ITR_OLD.Ani.LOV_FW_01_Physics,
ITR_00130,EFDLProp_ITR_00130.ITR_00130,생명수잎,ITR_00130.Mesh.ITR_00130_SK,,ITR_00130.Ani.ITR_00130_Ani,ITR_00130.Ani.ITR_00130_Physics,
ITR_00131,EFDLProp_ITR_00131.ITR_00131,불꺼진등대,ITR_00131.Mesh.ITR_00131_SK,,ITR_00131.Ani.ITR_00131_Ani,ITR_00131.Ani.ITR_00131_Physics,
ITR_00132,EFDLProp_ITR_00132.ITR_00132,흔들거리는기둥,ITR_00132.Mesh.ITR_00132_SK,,,ITR_00132.Ani.ITR_00132_Physics,FX_BS_00.Hit.Par_E_HitDefault_01 BFX_Low_00.Dust.Par_C_DustBurst_001 BFX_Low_00.Dust.Par_C_DustBurst_001
ITR_00133,EFDLProp_ITR_00133.ITR_00133,중앙 수문 제어 장치,ITR_00133.Mesh.ITR_00133_SK,,ITR_00133.Ani.ITR_00133_Ani,ITR_00133.Ani.ITR_00133_Physics,
ITR_00134,EFDLProp_ITR_00134.ITR_00134,부서진 기둥더미,ITR_00134.Mesh.ITR_00134_SK,,ITR_00134.Ani.ITR_00134_Ani,ITR_00134.Ani.ITR_00134_Physics,BFX_Low_00.Dust.Par_G_ITR_PILLAR11_Dust_001 FX_BS_00.Hit.Par_E_HitDefault_01 BFX_Low_00.Dust.Par_G_DustBurst_001 BFX_Low_00.Dust.Par_G_DustBurst_001 BFX_Low_00.Dust.Par_G_DustBurst_001
ITR_00135,EFDLProp_ITR_00135.ITR_00135,고장난 고철 기계 더미 ,ITR_00135.Mesh.ITR_00135_SK,,,ITR_00135.Ani.ITR_00135_Physics,
ITR_00136,EFDLProp_ITR_00136.ITR_00136,마법진_바람,ITR_00.Mesh.ITR_Box256_SK,,,ITR_00.Ani.ITR_Box256_SK_Physics,
ITR_00137,EFDLProp_ITR_00137.ITR_00137,마법진_물,ITR_00.Mesh.ITR_Box256_SK,,,ITR_00.Ani.ITR_Box256_SK_Physics,
ITR_00138,EFDLProp_ITR_00138.ITR_00138,베노스_마법장벽,ITR_00.Mesh.ITR_Box256_SK,,,ITR_00.Ani.ITR_Box256_SK_Physics,
ITR_00139,EFDLProp_ITR_00139.ITR_00139,이동 마법진,ITR_00.Mesh.ITR_Box256_SK,,,ITR_00.Ani.ITR_Box256_SK_Physics,BFX_Low_03.Symbol.Par_I_Teleport_Symbol_02 BFX_Low_03.Symbol.Par_I_Teleport_Symbol_01
ITR_00140,EFDLProp_ITR_00140.ITR_00140,이동마법진2,ITR_00.Mesh.ITR_Box256_SK,,ITR_00.Ani.ITR_Box_SK_Ani,ITR_00.Ani.ITR_Box256_SK_Physics,BFX_Low_01.Etc.Par_I_Movetrack_01 BFX_Low_01.Etc.Par_I_Movetrack_02
ITR_00141,EFDLProp_ITR_00141.ITR_00141,,ITR_00141.Mesh.ITR_00141_SK,,,ITR_00141.Ani.ITR_00141_Physics,
ITR_00142,EFDLProp_ITR_00142.ITR_00142,,ITR_00142.Mesh.ITR_00142_SK,,ITR_00142.Ani.ITR_00142_Ani,ITR_00142.Ani.ITR_00142_Physics,
ITR_00143,EFDLProp_ITR_00143.ITR_00143,,ITR_00143.Mesh.ITR_00143_SK,,ITR_00143.Ani.ITR_00143_Ani,ITR_00143.Ani.ITR_00143_Physics,
ITR_00144,EFDLProp_ITR_00144.ITR_00144,녹음기,ITR_00144.Mesh.ITR_00144_SK,,,ITR_00144.Ani.ITR_00144_Physics,
ITR_00145,EFDLProp_ITR_00145.ITR_00145,매피토의 보물상자,ITR_00145.Mesh.ITR_00145_SK,,ITR_00145.Ani.ITR_00145_Ani,ITR_00145.Ani.ITR_00145_Physics,
ITR_00147,EFDLProp_ITR_00147.ITR_00147,수상한 프리즘,ITR_00147.Mesh.ITR_00147_SK,,,ITR_00147.Ani.ITR_00147_Physics,
ITR_00148,EFDLProp_ITR_00148.ITR_00148,메피토 영상장치,ITR_00148.Mesh.ITR_00148_SK,,ITR_00148.Ani.ITR_00148_Ani,ITR_00148.Ani.ITR_00148_Physics,
ITR_00149,EFDLProp_ITR_00149.ITR_00149,일반광물,ITR_01.Mesh.ITR_Mineral01_SK,,ITR_01.Ani.ITR_Mineral01_Ani,ITR_01.Ani.ITR_Mineral01_Physics,BFX_Low_00.Dust.Par_G_StonHit_01
ITR_00150,EFDLProp_ITR_00150.ITR_00150,단단한광물,ITR_00150.Mesh.ITR_00150_SK,,ITR_00149.Ani.ITR_00149_Ani,ITR_00149.Ani.ITR_00149_Physics,BFX_Low_00.Dust.Par_G_StonHit_01
ITR_00151,EFDLProp_ITR_00151.ITR_00151,질병 항아리,ITR_00151.Mesh.ITR_00151_SK,,ITR_00151.Ani.ITR_00151_Ani,ITR_00151.Ani.ITR_00151_Physics,bfx_low_02.Poison.Par_G_Poison_05 FX_BS_00.Hit.Par_E_HitDefault_01
ITR_00152,EFDLProp_ITR_00152.ITR_00152,메라석,ITR_00152.Mesh.ITR_00152_SK,,,ITR_00152.Ani.ITR_00152_Physics,
ITR_00153,EFDLProp_ITR_00153.ITR_00153,엔비스카의 석상,ITR_00153.Mesh.ITR_00153_SK,,,ITR_00153.Ani.ITR_00153_Physics,BFX_Low_01.Fire.Par_C_FireTorch_001 BFX_Low_00.Aura.Par_G_ITR_NBSKSTATUE
ITR_00154,EFDLProp_ITR_00154.ITR_00154,닉스를 가둔제단용 1,ITR_00154.Mesh.ITR_00154_SK,,ITR_00154.Ani.ITR_00154_Ani,ITR_00154.Ani.ITR_00154_Physics,FX_BS_00.Hit.Par_E_HitDefault_01 BFX_Low_00.Dust.Par_C_DustBurst_001
ITR_00155,EFDLProp_ITR_00155.ITR_00155,닉스를 가둔제단용 2,ITR_00155.Mesh.ITR_00155_SK,,ITR_00155.Ani.ITR_00155_Ani,ITR_00155.Ani.ITR_00155_Physics,FX_BS_00.Hit.Par_E_HitDefault_01 BFX_Low_00.Dust.Par_C_DustBigBurst_001
ITR_00156,EFDLProp_ITR_00156.ITR_00156,기름 항아리,ITR_00156.Mesh.ITR_00156_SK,,,ITR_00156.Ani.ITR_00156_Physics,
ITR_00157,EFDLProp_ITR_00157.ITR_00157,,ITR_00157.Mesh.ITR_00157_SK,,,ITR_00157.Ani.ITR_00157_Physics,
ITR_00158,EFDLProp_ITR_00158.ITR_00158,,ITR_00158.Mesh.ITR_00158_SK,,,ITR_00158.Ani.ITR_00158_Physics,
ITR_00159,EFDLProp_ITR_00159.ITR_00159,운명의 비석,ITR_00159.Mesh.ITR_00159_SK,,,ITR_00159.Ani.ITR_00159_Physics,
ITR_00160,EFDLProp_ITR_00160.ITR_00160,,ITR_00160.Mesh.ITR_00160_SK,,,ITR_00160.Ani.ITR_00160_Physics,
ITR_00161,EFDLProp_ITR_00161.ITR_00161,밀지가 있는 탁자,ITR_00161.Mesh.ITR_00161_SK,,ITR_00161.Ani.ITR_00161_Ani,ITR_00161.Ani.ITR_00161_Physics,
ITR_00162,EFDLProp_ITR_00162.ITR_00162,,ITR_00162.Mesh.ITR_00162_SK,,,ITR_00162.Ani.ITR_00162_Physics,
ITR_00163,EFDLProp_ITR_00163.ITR_00163,시간을 깨우는 향로,ITR_00163.Mesh.ITR_00163_SK,,ITR_00163.Ani.ITR_00163_Ani,ITR_00163.Ani.ITR_00163_Physics,BFX_Low_01.Etc.Par_G_ITR_PILLAR11_On1 BFX_Low_01.Etc.Par_G_ITR_PILLAR11_On2 BFX_Low_01.Etc.Par_G_ITR_PILLAR11_On3 BFX_Low_00.Dust.Par_G_ITR_PILLAR11_Dust_002 BFX_Low_00.Dust.Par_G_ITR_PILLAR11_Dust_002 BFX_Low_00.Dust.Par_G_ITR_PILLAR11_Dust_002 FX_BS_00.Hit.Par_E_HitDefault_01 BFX_Low_00.Dust.Par_G_ITR_PILLAR11_Dust_001
ITR_00164,EFDLProp_ITR_00164.ITR_00164,샛노란 수풀,ITR_00164.Mesh.ITR_00164_SK,,ITR_00164.Ani.ITR_00164_Ani,ITR_00164.Ani.ITR_00164_Physics,bfx_low_02.Leaf.Par_G_Leaf_001
ITR_00165,EFDLProp_ITR_00165.ITR_00165,은빛 수풀,ITR_00165.Mesh.ITR_00165_SK,,ITR_00164.Ani.ITR_00164_Ani,ITR_00165.Ani.ITR_00165_Physics,bfx_low_02.Leaf.Par_G_Leaf_002
ITR_00166,EFDLProp_ITR_00166.ITR_00166,연두빛 수풀,ITR_00166.Mesh.ITR_00166_SK,,ITR_00164.Ani.ITR_00164_Ani,ITR_00166.Ani.ITR_00166_Physics,bfx_low_02.Leaf.Par_G_Leaf_003
ITR_00167,EFDLProp_ITR_00167.ITR_00167,둥근버섯,ITR_00167.Mesh.ITR_00167_SK,,ITR_00164.Ani.ITR_00164_Ani,ITR_00167.Ani.ITR_00167_Physics,BFX_Low_00.Dust.Par_G_DustDummy_001
ITR_00168,EFDLProp_ITR_00168.ITR_00168,갈색버섯,ITR_00168.Mesh.ITR_00168_SK,,ITR_00164.Ani.ITR_00164_Ani,ITR_00168.Ani.ITR_00168_Physics,BFX_Low_00.Dust.Par_G_DustDummy_001
ITR_00169,EFDLProp_ITR_00169.ITR_00169,길쭉한 버섯,ITR_00169.Mesh.ITR_00169_SK,,ITR_00164.Ani.ITR_00164_Ani,ITR_00169.Ani.ITR_00169_Physics,BFX_Low_00.Dust.Par_G_DustDummy_001
ITR_00170,EFDLProp_ITR_00170.ITR_00170,순간이동 포탈(Cylinder),ITR_00170.Mesh.ITR_00170_SK,,,ITR_00170.Ani.ITR_00170_Physics,
ITR_00171,EFDLProp_ITR_00171.ITR_00171,돌무더기,ITR_00171.Mesh.ITR_00171_SK,,ITR_00171.Ani.ITR_00171_Ani,ITR_00171.Ani.ITR_00171_Physics,FX_BS_00.Hit.Par_E_HitDefault_01 BFX_Low_00.Dust.Par_G_ITR_PILLAR11_Dust_001 BFX_Low_00.Dust.Par_C_DustBigBurst_001 BFX_Low_00.Dust.Par_C_DustBigBurst_001
ITR_00172,EFDLProp_ITR_00172.ITR_00172,물항아리,ITR_00172.ITR_Pot01_SK,,ITR_00172.ITR_Pot01_Ani,ITR_00172.ITR_Pot01_Physics,BFX_Low_04.Water.Par_G_ITR_POT01
ITR_00173,EFDLProp_ITR_00173.ITR_00173,1인용 톱,PR_GST_01.Mesh.PR_GST_01,,,PR_GST_01.Ani.PR_GST_01_Physics,
ITR_00174,EFDLProp_ITR_00174.ITR_00174,2인용 톱,PR_GST_01.Mesh.PR_GST_02_SK,,,PR_GST_01.Ani.PR_GST_02_SK_Physics,
ITR_00175,EFDLProp_ITR_00175.ITR_00175,유리병(빈병),PR_GSTGF_00.Mesh.PR_GSTGF_00_SK,,,PR_GSTGF_00.Ani.PR_GSTGF_00_SK_Physics,
ITR_00176,EFDLProp_ITR_00176.ITR_00176,유리병(반딧불),PR_GSTGF_00.Mesh.PR_GSTGF_00_SK,PR_GSTGF_00.Mat.PR_GSTGF_00_MI2,,PR_GSTGF_00.Ani.PR_GSTGF_00_SK_Physics,
ITR_00177,EFDLProp_ITR_00177.ITR_00177,플룻,PR_GSTHD_00.Mesh.PR_GSTHD_00_SK,,,PR_GSTHD_00.Mesh.PR_GSTHD_00_Physics,
ITR_00178,EFDLProp_ITR_00178.ITR_00178,곡괭이(금),PR_GSTLF_00.Mesh.PR_GSTLF_00_SK,,,PR_GSTLF_00.Mesh.PR_GSTLF_00_Physics,
ITR_00179,EFDLProp_ITR_00179.ITR_00179,곡괭이(은),PR_GSTLF_00.Mesh.PR_GSTLF_00_SK,PR_GSTLF_00.Mat.PR_GSTLF_01_MI,,PR_GSTLF_00.Mesh.PR_GSTLF_00_Physics,
ITR_00180,EFDLProp_ITR_00180.ITR_00180,곡괭이(쇠),PR_GSTLF_00.Mesh.PR_GSTLF_00_SK,PR_GSTLF_00.Mat.PR_GSTLF_02_MI,,PR_GSTLF_00.Mesh.PR_GSTLF_00_Physics,
ITR_00181,EFDLProp_ITR_00181.ITR_00181,삽,PR_GSTLF_00.Mesh.PR_GSTLF_03_SK,,,PR_GSTLF_00.Mesh.PR_GSTLF_03_Physics,
ITR_00182,EFDLProp_ITR_00182.ITR_00182,도끼(금),PR_GSTLF_04.Mesh.PR_GSTLF_04_SK,,,PR_GSTLF_04.Mesh.PR_GSTLF_04_Physics,
ITR_00183,EFDLProp_ITR_00183.ITR_00183,도끼(은),PR_GSTLF_04.Mesh.PR_GSTLF_04_SK,,,PR_GSTLF_04.Mesh.PR_GSTLF_04_Physics,
ITR_00184,EFDLProp_ITR_00184.ITR_00184,도끼(쇠),PR_GSTLF_04.Mesh.PR_GSTLF_04_SK,,,PR_GSTLF_04.Mesh.PR_GSTLF_04_Physics,
ITR_00185,EFDLProp_ITR_00185.ITR_00185,낚시찌_희귀,PR_GSTLF_07.Mesh.PR_GSTLF_08_SK,,PR_GSTLF_07.Ani.PR_GSTLF_08_Ani,PR_GSTLF_07.Mesh.PR_GSTLF_08_Physics,bfx_low_02.fish.Par_B_Fishing02_Success BFX_Low_04.Water.Par_H_FishHook_01 BFX_Low_04.Water.Par_H_FishHook_Loop_01 bfx_low_02.fish.Par_B_Fishing_Off bfx_low_02.fish.Par_B_Fishing02_GoOff
ITR_00186,EFDLProp_ITR_00186.ITR_00186,낚시찌,PR_GSTLF_07.Mesh.PR_GSTLF_08_SK,,PR_GSTLF_07.Ani.PR_GSTLF_08_Ani,PR_GSTLF_07.Mesh.PR_GSTLF_08_Physics,bfx_low_02.fish.Par_B_Fishing_GoOff bfx_low_02.fish.Par_B_Fishing_Success BFX_Low_04.Water.Par_H_FishHook_01 bfx_low_02.fish.Par_B_Fishing_Off BFX_Low_04.Water.Par_H_FishHook_Loop_01
ITR_00187,EFDLProp_ITR_00187.ITR_00187,투망,PR_GSTLF_09.Mesh.PR_GSTLF_09_SK,,PR_GSTLF_09.Ani.FishingNet_01_Ani,PR_GSTLF_09.Mesh.PR_GSTLF_09_Physics,
ITR_00188,EFDLProp_ITR_00188.ITR_00188,맥주잔,PR_GSTMG_00.Mesh.PR_GSTMG_00_SK,,,PR_GSTMG_00.Ani.PR_GSTMG_00_SK_Physics,
ITR_00189,EFDLProp_ITR_00189.ITR_00189,거대 망치,PR_KGHH_00.Mesh.PR_KGHH_00_SK,,,PR_KGHH_00.Mesh.PR_KGHH_00_Physics,
ITR_00190,EFDLProp_ITR_00190.ITR_00190,로나운의 랜턴,PR_LRRT_00.Mesh.PR_LRRT_00_SK,,,PR_LRRT_00.Mesh.PR_LRRT_00_Physics,FX_CM_02.Light.Par_G_lantern_01
ITR_00191,EFDLProp_ITR_00191.ITR_00191,금제단의 지팡이,PR_PAGO_00.Mesh.PR_PAGO_00_SK,,,PR_PAGO_00.Mesh.PR_PAGO_00_Physics,
ITR_00192,EFDLProp_ITR_00192.ITR_00192,프리즘 구동기(작은포탑),ITR_00192.Mesh.ITR_00192_SK,,ITR_00192.Ani.ITR_00192_Ani,ITR_00192.Ani.ITR_00192_Physics,
ITR_00193,EFDLProp_ITR_00193.ITR_00193,프리즘구동기(큰포탑),ITR_00193.Mesh.ITR_00193_SK,,ITR_00193.Ani.ITR_00193_Ani,ITR_00193.Ani.ITR_00193_Physics,
ITR_00194,EFDLProp_ITR_00194.ITR_00194,소금 나무 묘목,ITR_00194.Mesh.ITR_00194_SK,,,ITR_00194.Ani.ITR_00194_Physics,
ITR_00195,EFDLProp_ITR_00195.ITR_00195,,ITR_00195.Mesh.ITR_00195_SK,,,ITR_00195.Ani.ITR_00195_Physics,
ITR_00196,EFDLProp_ITR_00196.ITR_00196,,ITR_00196.Mesh.ITR_00196_SK,,,ITR_00196.Ani.ITR_00196_Physics,
ITR_00197,EFDLProp_ITR_00197.ITR_00197,첫 번째 부조 석상(Cylinder),ITR_00197.Mesh.ITR_00197_SK,,,ITR_00197.Ani.ITR_00197_Physics,
ITR_00198,EFDLProp_ITR_00198.ITR_00198,두 번째 부조 석상(Cylinder),ITR_00198.Mesh.ITR_00198_SK,,,ITR_00197.Ani.ITR_00197_Physics,
ITR_00199,EFDLProp_ITR_00199.ITR_00199,세 번째 부조 석상(Cylinder),ITR_00199.Mesh.ITR_00199_SK,,,ITR_00197.Ani.ITR_00197_Physics,
ITR_00200,EFDLProp_ITR_00200.ITR_00200,네 번째 부조 석상(Cylinder),ITR_00200.Mesh.ITR_00200_SK,,,ITR_00197.Ani.ITR_00197_Physics,
ITR_00201,EFDLProp_ITR_00201.ITR_00201,모래감옥문,ITR_00201.Mesh.ITR_00201_SK,,ITR_00201.Ani.ITR_00201_Ani,ITR_00201.Ani.ITR_00201_Physics,BFX_Low_00.Dust.Par_G_RCDOOR01_Hit1_1 BFX_Low_00.Dust.Par_G_RCDOOR01_Hit1_2 BFX_Low_00.Dust.Par_G_RCDOOR01_Hit2_1 BFX_Low_00.Dust.Par_G_RCDOOR01_Hit2_2 BFX_Low_00.Dust.Par_G_RCDOOR01_Hit3_1 BFX_Low_00.Dust.Par_G_RCDOOR01_Off FX_BS_00.Hit.Par_E_HitDefault_01
ITR_00202,EFDLProp_ITR_00202.ITR_00202,빛나는 붉은가루,ITR_00.Mesh.ITR_Box256_SK,,,ITR_00.Ani.ITR_Box256_SK_Physics,BFX_Low_01.Etc.Par_G_Red_Sand_001 BFX_Low_01.Etc.Par_G_Red_Sand_002
ITR_00203,EFDLProp_ITR_00203.ITR_00203,붉은 암석,ITR_00203.Mesh.ITR_00203_SK,,ITR_00203.Ani.ITR_00203_Ani,ITR_00203.Ani.ITR_00203_Physics,FX_BS_00.Hit.Par_E_HitDust_01 FX_BS_00.Hit.Par_E_HitDustCri_01
ITR_00204,EFDLProp_ITR_00204.ITR_00204,,ITR_00204.Mesh.ITR_00204_SK,,ITR_00204.Ani.ITR_00204_Ani,ITR_00204.Ani.ITR_00204_Physics,
ITR_00205,EFDLProp_ITR_00205.ITR_00205,,ITR_00205.Mesh.ITR_00205_SK,,ITR_00205.Ani.ITR_00205_Ani,ITR_00205.Ani.ITR_00205_Physics,
ITR_00206,EFDLProp_ITR_00206.ITR_00206,쌓여있는자재01,ITR_00206.Mesh.ITR_00206_SK,,ITR_00206.Ani.ITR_00206_Ani,ITR_00206.Ani.ITR_00206_Physics,
ITR_00207,EFDLProp_ITR_00207.ITR_00207,쌓여있는자재02,ITR_00207.Mesh.ITR_00207_SK,,ITR_00207.Ani.ITR_00207_Ani,ITR_00207.Ani.ITR_00207_Physics,BFX_Low_00.Dust.Par_G_ITR_GLAZEPOT_Hit BFX_Low_00.Dust.Par_G_ITR_GLAZEPOT_Off BFX_Low_00.Dust.Par_G_ITR_GLAZEPOT_Off FX_BS_00.Hit.Par_E_HitDefault_01
ITR_00208,EFDLProp_ITR_00208.ITR_00208,,ITR_00208.Mesh.ITR_00208_SK,,ITR_00208.Ani.ITR_00208_Ani,ITR_00208.Ani.ITR_00208_Physics,
ITR_00209,EFDLProp_ITR_00209.ITR_00209,철책_방벽1,ITR_00209.Mesh.ITR_00209_SK,,ITR_00209.Ani.ITR_00209_Ani,ITR_00209.Ani.ITR_00209_Physics,
ITR_00210,EFDLProp_ITR_00210.ITR_00210,철책_방벽2,ITR_00210.Mesh.ITR_00210_SK,,ITR_00210.Ani.ITR_00210_Ani,ITR_00210.Ani.ITR_00210_Physics,
ITR_00211,EFDLProp_ITR_00211.ITR_00211,철책_방벽3,ITR_00211.Mesh.ITR_00211_SK,,,ITR_00211.Ani.ITR_00211_Physics,
ITR_00212,EFDLProp_ITR_00212.ITR_00212,루미나 불,얼음,ITR_00212.Mesh.ITR_00212_SK,,ITR_00212.Ani.ITR_00212_Ani,ITR_00212.Ani.ITR_00212_Physics,BFX_Low_03.Symbol.Par_I_Rumina_IceFire_01
ITR_00213,EFDLProp_ITR_00213.ITR_00213,루미나 물,ITR_00212.Mesh.ITR_00212_SK,ITR_00213.Mat.ITR_00213_MI,ITR_00213.Ani.ITR_00213_Ani,ITR_00212.Ani.ITR_00212_Physics,BFX_High_00.Symbol.Par_I_Rumina_Water_01
ITR_00214,EFDLProp_ITR_00214.ITR_00214,루미나 바람,ITR_00212.Mesh.ITR_00212_SK,ITR_00214.Mat.ITR_00214_MI,ITR_00214.Ani.ITR_00214_Ani,ITR_00212.Ani.ITR_00212_Physics,BFX_Low_03.Symbol.Par_I_Rumina_Wind_01
ITR_00215,EFDLProp_ITR_00215.ITR_00215,값비싼 물건,ITR_00215.Mesh.ITR_00215_SK,,,ITR_00215.Ani.ITR_00215_Physics,
ITR_00216,EFDLProp_ITR_00216.ITR_00216,위장도구,ITR_00216.Mesh.ITR_00216_SK,,,ITR_00216.Ani.ITR_00216_Physics,
ITR_00217,EFDLProp_ITR_00217.ITR_00217,약탈한 식량 더미,ITR_00217.Mesh.ITR_00217_SK,,,ITR_00217.Ani.ITR_00217_Physics,
ITR_00218,EFDLProp_ITR_00218.ITR_00218,소금자루,ITR_00218.Mesh.ITR_00218_SK,,,ITR_00218.Ani.ITR_00218_Physics,
ITR_00219,EFDLProp_ITR_00219.ITR_00219,작은 모닥불,ITR_00219.Mesh.ITR_00219_SK,,,ITR_00219.Ani.ITR_00219_Physics,BFX_Low_01.Fire.Par_A_H_Fire_001 BFX_Low_03.Smoke.Par_G_Smoke_01
ITR_00220,EFDLProp_ITR_00220.ITR_00220,봉인된 문,ITR_00220.Mesh.ITR_00220_SK,,ITR_00220.Ani.ITR_00220_Ani,ITR_00220.Ani.ITR_00220_Physics,BFX_Low_01.Etc.Par_G_ITR_SEALEDDOOR01 BFX_Low_01.Etc.Par_G_ITR_SEALEDDOOR01_Off
ITR_00221,EFDLProp_ITR_00221.ITR_00221,임시용 봉인장치-DEL,ITR_00221.Mesh.ITR_00221_SK,,ITR_00221.Ani.ITR_00221_Ani,ITR_00221.Ani.ITR_00221_Physics,
ITR_00222,EFDLProp_ITR_00222.ITR_00222,,ITR_00222.Mesh.ITR_00222_SK,,ITR_00222.Ani.ITR_00222_Ani,ITR_00222.Ani.ITR_00222_Physics,
ITR_00223,EFDLProp_ITR_00223.ITR_00223,,ITR_00223.Mesh.ITR_00223_SK,,ITR_00223.Ani.ITR_00223_Ani,ITR_00223.Ani.ITR_00223_SK_Physics,
ITR_00224,EFDLProp_ITR_00224.ITR_00224,,ITR_00224.Mesh.ITR_00224_SK,,,ITR_00224.Ani.ITR_00224_Physics,FX_BS_00.Hit.Par_E_HitDefault_01
ITR_00225,EFDLProp_ITR_00225.ITR_00225,마나석 가공 선반,ITR_00225.Mesh.ITR_00225_SK,,ITR_00225.Ani.ITR_00225_Ani,ITR_00225.Ani.ITR_00225_Physics,BFX_Low_01.Fire.Par_G_ITR_SHELT01
ITR_00226,EFDLProp_ITR_00226.ITR_00226,눈덩어리,ITR_00226.Mesh.ITR_00226_SK,,ITR_00.Ani.ITR_Box_SK_Ani,ITR_00226.Ani.ITR_00226_Physics,
ITR_00227,EFDLProp_ITR_00227.ITR_00227,커다란 허물,ITR_00227.Mesh.ITR_00227_SK,,,ITR_00227.Ani.ITR_00227_Physics,
ITR_00228,EFDLProp_ITR_00228.ITR_00228,지저귀는 새,ITR_00228.Mesh.ITR_00228_01_SK,,ITR_00228.Ani.ITR_00228_Ani,ITR_00228.Ani.ITR_00228_Physics,
ITR_00229,EFDLProp_ITR_00229.ITR_00229,임시용- 제거예정,ITR_00229.Mesh.ITR_00229_SK,,ITR_00229.Ani.ITR_00229_Ani,ITR_00229.Ani.ITR_00229_Physics,FX_BS_00.Hit.Par_E_HitDefault_01 BFX_Low_00.Dust.Par_C_DustBurst_001
ITR_00230,EFDLProp_ITR_00230.ITR_00230,나무감옥,ITR_00230.Mesh.ITR_00230_SK,,ITR_00230.Ani.ITR_00230_Ani,ITR_00230.Ani.ITR_00230_Physics,BFX_Low_03.Smoke.Par_G_ITR_SQG_BD01_Off BFX_Low_03.Smoke.Par_G_ITR_SQG_BD01_Go_Off BFX_Low_03.Smoke.Par_G_ITR_SQG_BD01
ITR_00231,EFDLProp_ITR_00231.ITR_00231,마법사 사당 철문,ITR_00231.Mesh.ITR_00231_SK,,ITR_00231.Ani.ITR_00231_Ani,ITR_00231.Ani.ITR_00231_Physics,
ITR_00232,EFDLProp_ITR_00232.ITR_00232,바람전등,ITR_00232.Mesh.ITR_00232_SK,,ITR_00232.Ani.ITR_00232_Ani,ITR_00232.Ani.ITR_00232_Physics,bfx_low_02.Light.Par_G_ITR_SQG_NT01
ITR_00233,EFDLProp_ITR_00233.ITR_00233,어망집,ITR_OLD.Mesh.PR_SQG_NT02_SK,,ITR_OLD.Ani.PR_SQG_NT02_Ani,ITR_OLD.Ani.PR_SQG_NT02_Physics,BFX_Low_00.AirBubble.Par_C_AirBubble_002 FX_BS_00.Hit.Par_E_HitDefault_01
ITR_00234,EFDLProp_ITR_00234.ITR_00234,치어가람 줄기,ITR_00234.Mesh.ITR_00234_SK,,ITR_00234.Ani.ITR_00234_Ani,ITR_00234.Ani.ITR_00234_Physics,
ITR_00235,EFDLProp_ITR_00235.ITR_00235,뱀의 보옥,ITR_00235.Mesh.ITR_00235_SK,,ITR_00.Ani.ITR_Common_Ani,ITR_00235.Ani.ITR_00235_Physics,bfx_low_02.Light.Par_G_Light_001
ITR_00236,EFDLProp_ITR_00236.ITR_00236,금제단의 지팡이,ITR_00236.Mesh.ITR_00236_SK,,ITR_00236.Ani.ITR_00236_Ani,ITR_00236.Ani.ITR_00236_Physics,FX_BS_03.mark.Par_B_Select_01
ITR_00237,EFDLProp_ITR_00237.ITR_00237,책 보관 상자,ITR_00145.Mesh.ITR_00145_SK,,ITR_00145.Ani.ITR_00145_Ani,ITR_00145.Ani.ITR_00145_Physics,
ITR_00238,EFDLProp_ITR_00238.ITR_00238,고래소환횃불,ITR_00238.Mesh.ITR_00238_SK,,,ITR_00238.Ani.ITR_00238_Physics,
ITR_00239,EFDLProp_ITR_00239.ITR_00239,버려진 상단 짐더미,ITR_00239.Mesh.ITR_00239_SK,,,ITR_00239.Ani.ITR_00239_Physics,
ITR_00240,EFDLProp_ITR_00240.ITR_00240,히커의 비밀자루,ITR_00240.Mesh.ITR_00240_SK,,ITR_00240.Ani.ITR_00240_Ani,ITR_00240.Ani.ITR_00240_Physics,
ITR_00241,EFDLProp_ITR_00241.ITR_00241,단단한 얼음 고치,ITR_00241.Mesh.ITR_00241_SK,,ITR_00241.Ani.ITR_00241_Ani,ITR_00241.Ani.ITR_00241_Physics,BFX_Low_03.Snow.Par_G_ITR_IB01 FX_BS_00.Hit.Par_E_HitDefault_01 BFX_Low_03.Snow.Par_G_ITR_SW01_Hit BFX_Low_03.Snow.Par_G_ITR_SW01_Off
ITR_00242,EFDLProp_ITR_00242.ITR_00242,기본 레버,itr_00242.LUP_BCN03_SK,,itr_00242.LUP_BCN03_Ani,itr_00242.LUP_BCN03_Physics,
ITR_00243,EFDLProp_ITR_00243.ITR_00243,집합 발사체용,ITR_00.Mesh.ITR_Box256_SK,,ITR_00.Ani.ITR_Box_SK_Ani,ITR_00.Ani.ITR_Box256_SK_Physics,
ITR_00244,EFDLProp_ITR_00244.ITR_00244,토트리치홀로그램장치,ITR_00244.Mesh.ITR_00244_SK,,,ITR_00244.Ani.ITR_00244_Physics,
ITR_00245,EFDLProp_ITR_00245.ITR_00245,,ITR_00245.Mesh.ITR_00245_SK,,,ITR_00245.Ani.ITR_00245_Physics,
ITR_00246,EFDLProp_ITR_00246.ITR_00246,짐더미,ITR_00014.Mesh.ITR_00014_SK,,,ITR_00014.Ani.ITR_00014_Physics,
ITR_00247,EFDLProp_ITR_00247.ITR_00247,비석,ITR_00247.Mesh.ITR_00247_SK,,ITR_00247.Ani.ITR_00247_Ani,ITR_00247.Ani.ITR_00247_Physics,bfx_low_02.Light.Par_H_LightBeam_02_1
ITR_00248,EFDLProp_ITR_00248.ITR_00248,영혼이 봉인된 비석,ITR_00248.Mesh.ITR_00248_SK,,ITR_00248.Ani.ITR_00248_Ani,ITR_00248.Ani.ITR_00248_Physics,
ITR_00249,EFDLProp_ITR_00249.ITR_00249,가시함정,ITR_00249.Mesh.ITR_00249_SK,,BI_trap01.Ani.BI_trap_S_01_Ani,BI_trap01.Mesh.BI_trap_S_01_Physics,
ITR_00250,EFDLProp_ITR_00250.ITR_00250,원형가시함정(Cylilnder),BI_trap01.Mesh.BI_trap_S_04_SK,,BI_trap01.Ani.BI_trap_S_01_Ani,BI_trap01.Mesh.BI_trap_S_04_Physics,
ITR_00251,EFDLProp_ITR_00251.ITR_00251,,ITR_00251.Mesh.ITR_00251_SK,,ITR_00251.Ani.ITR_00251_Ani,ITR_00251.Ani.ITR_00251_Physics,
ITR_00252,EFDLProp_ITR_00252.ITR_00252,,ITR_00252.Mesh.ITR_00252_SK,,ITR_00252.Ani.ITR_00252_Ani,ITR_00252.Ani.ITR_00252_Physics,FX_BS_00.Hit.Par_E_HitDefault_01 BFX_Low_00.Dust.Par_C_DustBurst_001
ITR_00253,EFDLProp_ITR_00253.ITR_00253,죽어있는 매,ITR_00253.Mesh.ITR_00253_SK,,ITR_00253.Ani.ITR_00253_Ani,ITR_00253.Ani.ITR_00253_Physics,BFX_Low_01.Fire.Par_G_ITR_TREN01
ITR_00254,EFDLProp_ITR_00254.ITR_00254,부서진 기념비,ITR_00254.Mesh.ITR_00254_SK,,,ITR_00254.Ani.ITR_00254_Physics,
ITR_00255,EFDLProp_ITR_00255.ITR_00255,정지된 석상1,ITR_00255.Mesh.ITR_00255_SK,,ITR_00255.Ani.ITR_00255_Ani,ITR_00255.Ani.ITR_00255_Physics,FX_BS_00.Hit.Par_E_HitDefault_01 BFX_Low_00.Dust.Par_G_ITR_PILLAR11_Dust_001 BFX_Low_00.Dust.Par_C_DustBurst_001 BFX_Low_00.Dust.Par_C_DustBurst_001
ITR_00256,EFDLProp_ITR_00256.ITR_00256,정지된 석상2,ITR_00256.Mesh.ITR_TRSE_00_SK,,ITR_00256.Ani.ITR_00256_Ani,ITR_00256.Ani.ITR_00256_Physics,FX_BS_00.Hit.Par_E_HitDefault_01 BFX_Low_00.Dust.Par_G_ITR_PILLAR11_Dust_001 BFX_Low_00.Dust.Par_C_DustBurst_001 BFX_Low_00.Dust.Par_C_DustBurst_001
ITR_00257,EFDLProp_ITR_00257.ITR_00257,부서진 고대유적 더미1,ITR_00257.Mesh.ITR_00257_SK,,,ITR_00257.Ani.ITR_00257_Physics,
ITR_00258,EFDLProp_ITR_00258.ITR_00258,부서진 고대유적 더미2,ITR_00258.Mesh.ITR_00258_SK,,,ITR_00258.Ani.ITR_00258_Physics,
ITR_00259,EFDLProp_ITR_00259.ITR_00259,부서진 고대유적 더미3,ITR_00259.Mesh.ITR_00259_SK,,,ITR_00259.Ani.ITR_00259_Physics,
ITR_00260,EFDLProp_ITR_00260.ITR_00260,꽃구름 정원 분수대,ITR_00260.Mesh.ITR_00260_SK,,ITR_00260.Ani.ITR_00260_Ani,ITR_00260.Ani.ITR_00260_Physics,bfx_low_02.Light.Par_G_ITR_UPV_CF01
ITR_00261,EFDLProp_ITR_00261.ITR_00261,마나 원석,ITR_00261.Mesh.ITR_00261_SK,,ITR_00261.Ani.ITR_00261_Ani,ITR_00261.Ani.ITR_00261_Physics,
ITR_00262,EFDLProp_ITR_00262.ITR_00262,,ITR_00262.Mesh.ITR_00262_SK,,ITR_00262.Ani.ITR_00262_Ani,ITR_00262.Ani.ITR_00262_Physics,
ITR_00263,EFDLProp_ITR_00263.ITR_00263,보급품을 담은 등짐,ITR_00263.Mesh.ITR_00263_SK,,ITR_00263.Ani.ITR_00263_Ani,ITR_00263.Ani.ITR_00263_Physics,
ITR_00264,EFDLProp_ITR_00264.ITR_00264,마나벽차단기,ITR_00264.Mesh.ITR_00264_SK,,,ITR_00264.Ani.ITR_00264_Physics,
ITR_00265,EFDLProp_ITR_00265.ITR_00265,방벽에 남은 옛 그림-컬러,ITR_00265.Mesh.ITR_00265_SK,,,ITR_00265.Ani.ITR_00265_Physics,
ITR_00266,EFDLProp_ITR_00266.ITR_00266,방벽에 남은 옛 그림,ITR_00266.Mesh.ITR_00266_SK,,,ITR_00266.Ani.ITR_00266_Physics,
ITR_00267,EFDLProp_ITR_00267.ITR_00267,,ITR_00267.Mesh.ITR_00267_SK,,,ITR_00267.Ani.ITR_00267_Physics,
ITR_00268,EFDLProp_ITR_00268.ITR_00268,우물(Cylinder),ITR_00268.Mesh.ITR_00268_SK,,,ITR_00268.Ani.ITR_00268_Physics,
ITR_00269,EFDLProp_ITR_00269.ITR_00269,바람 소라,ITR_00269.Mesh.ITR_00269_SK,,ITR_00269.Ani.ITR_00269_Ani,ITR_00269.Ani.ITR_00269_Physics,
ITR_00270,EFDLProp_ITR_00270.ITR_00270,물막이돌,ITR_00270.Mesh.ITR_00270_SK,,,ITR_00270.Ani.ITR_00270_Physics,
ITR_00271,EFDLProp_ITR_00271.ITR_00271,물 저장고(밸브),ITR_00271.Mesh.ITR_00271_SK,,ITR_00271.Ani.ITR_00271_Ani,,
ITR_00272,EFDLProp_ITR_00272.ITR_00272,,ITR_00272.Mesh.ITR_00272_SK,,,ITR_00272.Ani.ITR_00272_Physics,
ITR_00273,EFDLProp_ITR_00273.ITR_00273,짚라인,ITR_00273.Mesh.ITR_00273_SK,,,ITR_00273.Ani.ITR_00273_Physics,
ITR_00274,EFDLProp_ITR_00274.ITR_00274,,ITR_OLD.LOV_FW_01_SK,,ITR_OLD.B_LOV_FW_01_Ani,ITR_OLD.LOV_FW_01_Physics,
ITR_00275,EFDLProp_ITR_00275.ITR_00275,투명메쉬 프랍,ITR_00.Mesh.ITR_Box256_SK,,ITR_00.Ani.ITR_Box_SK_Ani,ITR_00.Ani.ITR_Box256_SK_Physics,FX_BS_02.Item.Par_G_ETHER_PHPMP_PVP_001 FX_BS_02.Item.Par_G_ETHER_PHPMP_PVP_002 FX_BS_02.Item.Par_G_ETHER_PHPMP_PVP_003 FX_BS_00.Hit.Par_E_HitDefault_01
ITR_00275,EFDLProp_ITR_00276.ITR_00275,,ITR_03.Mesh.TestHit_SK,,ITR_03.Ani.TestHit_Ani,ITR_03.Ani.TestHit_Physics,FX_BS_00.Hit.Par_E_HitDefault_01 BFX_Low_00.Dust.Par_C_DustBurst_001 FX_BS_00.Hit.Par_E_HitDefaultCri_01
ITR_00277,EFDLProp_ITR_00277.ITR_00277,투명프랍 사이즈 256,ITR_00.Mesh.ITR_Box256_C_SK,,ITR_00.Ani.ITR_Box_SK_Ani,ITR_00.Ani.ITR_Box256_SK_Physics,
ITR_00278,EFDLProp_ITR_00278.ITR_00278,투명프랍 사이즈 512,ITR_00.Mesh.ITR_Box512_SK,,ITR_00.Ani.ITR_Box_SK_Ani,ITR_00.Ani.ITR_Box512_SK_Physics,
ITR_00279,EFDLProp_ITR_00279.ITR_00279,집합볼륨,,,,,BFX_Low_01.Etc.Par_G_ITR_T_EF_Off BFX_Low_01.Etc.Par_G_ITR_T_EF_On BFX_Low_01.Etc.Par_G_ITR_T_EF_GoOff
ITR_00280,EFDLProp_ITR_00280.ITR_00280,트랙이동 동기화 볼륨,ITR_00.Mesh.ITR_Box512_SK,ITR_00.Mat.Show_Prop_Material,ITR_00.Ani.ITR_Box_SK_Ani,ITR_00.Ani.ITR_Box512_SK_Physics,BFX_Low_01.Etc.Par_I_Movetrack_02 BFX_Low_01.Etc.Par_I_Movetrack_01
ITR_00281,EFDLProp_ITR_00281.ITR_00281,레이드맵 구멍 볼륨,ITR_00.Mesh.ITR_Box512_SK,ITR_00.Mat.Show_Prop_Material,ITR_00.Ani.ITR_Box_SK_Ani,ITR_00.Ani.ITR_Box512_SK_Physics,BFX_Low_01.Etc.Par_I_Movetrack_01
ITR_00282,EFDLProp_ITR_00282.ITR_00282,테스트용 Gadget의 Prop,WP_WMSM_13.Mesh.WP_WMSM_13_SK,,WP_WMSM_13.Mesh.WP_WMSM_13_Anims,WP_WMSM_13.Mesh.WP_WMSM_13_Physics,
ITR_00283,EFDLProp_ITR_00283.ITR_00283,곡주항아리,ITR_00283.Mesh.ITR_00283_SK,,,ITR_00283.Ani.ITR_00283_Physics,
ITR_00284,EFDLProp_ITR_00284.ITR_00284,오염된 동물 시체,ITR_00284.Mesh.ITR_00284_SK,,,ITR_00284.Ani.ITR_00284_Physics,BFX_Low_01.Fire.Par_G_ITR_TREN01
ITR_00285,EFDLProp_ITR_00285.ITR_00285,노란 꽃 군락,ITR_00285.Mesh.ITR_00285_SK,,,ITR_00285.Ani.ITR_00285_Physics,
ITR_00286,EFDLProp_ITR_00286.ITR_00286,시체더미,ITR_00286.Mesh.ITR_00286_SK,,,ITR_00286.Ani.ITR_00286_Physics,BFX_Low_01.Fire.Par_G_ITR_BURNEDBODY_2
ITR_00287,EFDLProp_ITR_00287.ITR_00287,화로,ITR_00287.Mesh.ITR_00287_SK,,,ITR_00287.Ani.ITR_00287_Physics,BFX_Low_01.Fire.Par_C_Fire_001
ITR_00288,EFDLProp_ITR_00288.ITR_00288,축복의 비석(Cylinder),ITR_00288.Mesh.ITR_00288_SK,,ITR_00.Ani.ITR_Common_Ani,ITR_00288.Ani.ITR_00288_Physics,bfx_low_02.Light.Par_G_BlueLight_01 bfx_low_02.Light.Par_G_BlueLight_01_02
ITR_00289,EFDLProp_ITR_00289.ITR_00289,신비초,ITR_00289.Mesh.ITR_00289_SK,,,ITR_00289.Ani.ITR_00289_Physics,
ITR_00290,EFDLProp_ITR_00290.ITR_00290,시체거미의 알,ITR_00290.Mesh.ITR_00290_SK,,ITR_00290.Ani.ITR_00290_Ani,ITR_00290.Ani.ITR_00290_Physics,FX_BS_00.Hit.Par_E_HitDefault_01 bfx_low_02.Poison.Par_G_Poison_01
ITR_00291,EFDLProp_ITR_00291.ITR_00291,부서진 방책01,ITR_00291.Mesh.ITR_00291_SK,,,ITR_00291.Ani.ITR_00291_Physics,
ITR_00292,EFDLProp_ITR_00292.ITR_00292,부서진 방책02,ITR_00292.Mesh.ITR_00292_SK,,,ITR_00292.Ani.ITR_00292_Physics,
ITR_00293,EFDLProp_ITR_00293.ITR_00293,불길한 질병 구체02,ITR_00293.Mesh.ITR_00293_SK,,ITR_00.Ani.ITR_Common_Ani,ITR_00293.Ani.ITR_00293_Physics,bfx_low_02.Poison.Par_G_Poison_03
ITR_00294,EFDLProp_ITR_00294.ITR_00294,곡식창고,ITR_00294.Mesh.ITR_00294_SK,,ITR_00.Ani.ITR_Common_Ani,ITR_00294.Ani.ITR_00294_Physics,bfx_low_02.Poison.Par_G_Poison_07 bfx_low_02.Light.Par_G_HealPoison_02
ITR_00295,EFDLProp_ITR_00295.ITR_00295,불 붙은 마차,ITR_00295.Mesh.ITR_00295_SK,,ITR_00.Ani.ITR_Common_Ani,ITR_00295.Ani.ITR_00295_Physics,BFX_Low_01.Fire.Par_G_Fire_02 BFX_Low_01.Fire.Par_G_Fire_02_01
ITR_00296,EFDLProp_ITR_00296.ITR_00296,식량 보관소,ITR_00296.Mesh.ITR_00296_SK,,,ITR_00296.Ani.ITR_00296_Physics,
ITR_00297,EFDLProp_ITR_00297.ITR_00297,석상 슬롯01,ITR_00297.Mesh.ITR_00297_SK,,,ITR_00297.Ani.ITR_00297_Physics,
ITR_00298,EFDLProp_ITR_00298.ITR_00298,수호대원들의 무덤01,ITR_00298.Mesh.ITR_00298_SK,,,ITR_00298.Ani.ITR_00298_Physics,
ITR_00299,EFDLProp_ITR_00299.ITR_00299,수호대원들의 무덤02,ITR_00299.Mesh.ITR_00299_SK,,,ITR_00299.Ani.ITR_00299_Physics,
ITR_00300,EFDLProp_ITR_00300.ITR_00300,오염된 샘,ITR_00300.Mesh.ITR_00300_SK,,ITR_00.Ani.ITR_Common_Ani,ITR_00300.Ani.ITR_00300_Physics,bfx_low_02.Poison.Par_G_Poison_06 BFX_Low_04.Water.Par_G_Water_001 bfx_low_02.Light.Par_G_HealPoison_01
ITR_00301,EFDLProp_ITR_00301.ITR_00301,채광폭탄,ITR_00301.Mesh.ITR_00301_SK,,,ITR_00301.Mesh.ITR_00301_SK_Physics,BFX_Low_03.Sparkling.Par_H_SparkLoop_01 BFX_Low_01.Explosion.Par_G_Explosion_001
ITR_00302,EFDLProp_ITR_00302.ITR_00302,석상 슬롯02,ITR_00302.Mesh.ITR_00302_SK,,,ITR_00302.Ani.ITR_00302_Physics,
ITR_00303,EFDLProp_ITR_00303.ITR_00303,동물들이 좋아하는 먹이,ITR_00303.Mesh.ITR_00303_SK,,ITR_00.Ani.ITR_Common_Ani,ITR_00303.Ani.ITR_00303_Physics,BFX_Low_03.Sparkling.Par_G_Sparkling_01
ITR_00304,EFDLProp_ITR_00304.ITR_00304,향수병이 없는 연회장 탁자(Cylinder),ITR_00304.Mesh.ITR_00304_SK,,,ITR_00304.Ani.ITR_00304_Physics,
ITR_00305,EFDLProp_ITR_00305.ITR_00305,향로,ITR_00305.Mesh.ITR_00305_SK,,ITR_00305.Ani.ITR_00305_Ani,ITR_00305.Ani.ITR_00305_Physics,BFX_Low_03.Smoke.Par_G_PinkSmoke_01_01 BFX_Low_03.Smoke.Par_G_PinkSmoke_01 BFX_Low_03.Smoke.Par_G_PinkSmoke_01_02 FX_BS_00.Hit.Par_E_HitDefault_01
ITR_00306,EFDLProp_ITR_00306.ITR_00306,봉화대,ITR_00306.Mesh.ITR_00306_SK,,ITR_00.Ani.ITR_Common_Ani,ITR_00306.ITR_signalfire01_Physics,BFX_Low_01.Fire.Par_G_Fire_05 BFX_Low_01.Fire.Par_G_Fire_04_01 BFX_Low_01.Fire.Par_G_Fire_04_02 BFX_Low_03.Smoke.Par_G_Symbol_001 BFX_Low_01.Fire.Par_G_Fire_04_02
ITR_00307,EFDLProp_ITR_00307.ITR_00307,도깨비나무,ITR_00307.Mesh.ITR_00307_SK,,ITR_00307.Ani.ITR_00307_Ani,ITR_00307.Ani.ITR_00307_Physics,BFX_Low_00.Aura.Par_G_DarkAura_01
ITR_00308,EFDLProp_ITR_00308.ITR_00308,습격당한 시체,ITR_00308.Mesh.ITR_00308,,,ITR_00308.Ani.ITR_00308_Ani,
ITR_00309,EFDLProp_ITR_00309.ITR_00309,길을 막고 있는 바위,ITR_00309.Mesh.ITR_00309_SK,,ITR_00309.Ani.ITR_00309_Ani,ITR_00309.Ani.ITR_00309_Physics,FX_BS_00.Hit.Par_E_HitDefault_01 BFX_Low_00.Dust.Par_G_DustBurst_001 BFX_Low_00.Dust.Par_G_DustBurst_001
ITR_00310,EFDLProp_ITR_00310.ITR_00310,바위,ITR_00310.Mesh.ITR_00310_SK,,ITR_00310.Ani.ITR_00310_Ani,ITR_00310.Ani.ITR_00310_Physics,BFX_Low_00.Dust.Par_G_RCDOOR01_Hit1_1
ITR_00311,EFDLProp_ITR_00311.ITR_00311,도깨비나무줄기,ITR_00311.Mesh.ITR_00311_SK,,ITR_00311.Ani.ITR_00311_Ani,ITR_00311.Ani.ITR_00311_Physics,BFX_Low_00.Dust.Par_G_BoxDust_001 BFX_Low_00.Dust.Par_G_Dust_001 BFX_Low_00.Dust.Par_G_BoxDust_001 BFX_Low_00.Dust.Par_G_Dust_001
ITR_00312,EFDLProp_ITR_00312.ITR_00312,풍혈,ITR_00312.Mesh.ITR_00312_SK,,,ITR_00312.Ani.ITR_00312_Physics,BFX_Low_01.Etc.Par_G_wind_01
ITR_00313,EFDLProp_ITR_00313.ITR_00313,슈고탄 폭파 장치,ITR_00313.Mesh.ITR_00313_SK,,,ITR_00313.Ani.ITR_00313_Physics,BFX_Low_03.Snow.Par_G_SnowBomb_01
ITR_00314,EFDLProp_ITR_00314.ITR_00314,철창문,ITR_00314.Mesh.ITR_00314_SK,,ITR_00314.Ani.ITR_00314_Ani,ITR_00314.Ani.ITR_00314_SK_Physics,BFX_Low_00.Dust.Par_G_Dust_001 BFX_Low_00.Dust.Par_G_Dust_001
ITR_00315,EFDLProp_ITR_00315.ITR_00315,바리게이트,ITR_00315.Mesh.ITR_00315_SK,,,ITR_00315.Ani.ITR_00315_SK_Physics,
ITR_00316,EFDLProp_ITR_00316.ITR_00316,방어구 걸이,ITR_00316.Mesh.ITR_00316_SK,,ITR_00316.Ani.ITR_00316_Ani,ITR_00316.Ani.ITR_00316_Physics,
ITR_00317,EFDLProp_ITR_00317.ITR_00317,무기 걸이,ITR_00317.Mesh.ITR_00317_SK,,ITR_00317.Ani.ITR_00317_Ani,ITR_00317.Ani.ITR_00317_Physics,
ITR_00318,EFDLProp_ITR_00318.ITR_00318,철창,ITR_00318.Mesh.ITR_00318_SK,,ITR_00318.Ani.ITR_00318_Ani,ITR_00318.Ani.ITR_00318_Physics,BFX_Low_00.Dust.Par_G_Dust_001 BFX_Low_00.Dust.Par_G_Dust_001
ITR_00319,EFDLProp_ITR_00319.ITR_00319,마을사람 구출용 철창,ITR_00319.Mesh.ITR_00319_Sk,,ITR_00319.Ani.ITR_00319_Ani,ITR_00319.Ani.ITR_00319_Physics,FX_BS_00.Hit.Par_E_HitDefault_01 BFX_Low_00.Dust.Par_G_Dust_001
ITR_00320,EFDLProp_ITR_00320.ITR_00320,얼음골렘소환진,ITR_00320.Mesh.ITR_00320_SK,,ITR_00320.Ani.ITR_00320_Ani,ITR_00320.Ani.ITR_00320_Physics,BFX_Low_03.Snow.Par_G_ITR_ICE BFX_Low_03.Snow.Par_G_IceSmoke_001
ITR_00321,EFDLProp_ITR_00321.ITR_00321,시리우스제단,ITR_00321.Mesh.ITR_00321_SK,,ITR_00321.Ani.ITR_00321_Ani,ITR_00321.Ani.ITR_00321_Physics,bfx_low_02.Light.Par_G_Light_dust_01
ITR_00322,EFDLProp_ITR_00322.ITR_00322,허슨이 갇혀있는 열리는 철창,ITR_00322.Mesh.ITR_00322_SK,,ITR_00322.Ani.ITR_00322_Ani,ITR_00322.Ani.ITR_00322_Physics,BFX_Low_00.Dust.Par_C_DustDrop_001_01 BFX_Low_00.Dust.Par_C_DustDrop_001_01
ITR_00323,EFDLProp_ITR_00323.ITR_00323,불타는 바리게이트,ITR_00323.Mesh.ITR_00323_SK,,ITR_00323.Ani.ITR_00323_Ani,ITR_00323.Ani.ITR_00323_Physics,FX_BS_00.Hit.Par_E_HitDefault_01 BFX_Low_01.Fire.Par_G_Fire_02 BFX_Low_01.Fire.Par_G_Fire_02_01
ITR_00324,EFDLProp_ITR_00324.ITR_00324,붉은장막 방어구획득,ITR_00324.Mesh.ITR_00324_SK,,,ITR_00324.Ani.ITR_00324_Physics,
ITR_00325,EFDLProp_ITR_00325.ITR_00325,스퀘어홀 애니츠(Cylinder),ITR_00325.Mesh.ITR_00325_SK,,ITR_00325.Ani.ITR_00325_Ani,ITR_00325.Ani.ITR_00325_Physics,BFX_Low_00.Aura.Par_G_Aura_001 bfx_low_02.Glow.Par_G_EyeGlow_001 BFX_Low_03.Portal.Par_G_Portal_01_01 BFX_Low_03.Portal.Par_G_Portal_01
ITR_00326,EFDLProp_ITR_00326.ITR_00326,스퀘어홀 슈샤이어(Cylinder),ITR_00326.Mesh.ITR_00326_SK,,ITR_00326.Ani.ITR_00326_Ani,ITR_00326.Ani.ITR_00326_Physics,BFX_Low_03.Snow.Par_G_Snow_01 BFX_Low_03.Portal.Par_G_Portal_01 BFX_Low_03.Portal.Par_G_Portal_01_01 BFX_Low_03.Snow.Par_G_Snow_01 BFX_Low_03.Snow.Par_G_Snow_01
ITR_00327,EFDLProp_ITR_00327.ITR_00327,스퀘어홀 아르테미스(Cylinder),ITR_00327.Mesh.ITR_00327_SK,,ITR_00327.Ani.ITR_00327_Ani,ITR_00327.Ani.ITR_00327_Physics,bfx_low_02.Light.Par_G_GreenLight_01 bfx_low_02.Light.Par_G_GreenLight_03 bfx_low_02.Light.Par_G_GreenLight_02 BFX_Low_03.Portal.Par_G_Portal_01_01 BFX_Low_03.Portal.Par_G_Portal_01
ITR_00328,EFDLProp_ITR_00328.ITR_00328,아만마차,ITR_00328.Mesh.ITR_00328_SK,,,ITR_00328.Ani.ITR_00328_SK_Physics,
itr_00329,EFDLProp_ITR_00329.itr_00329,트리시온 세계의(Cylinder),itr_00329.Mesh.ITR_00329_SK,,ITR_00329.Ani.ITR_00329_Ani,ITR_00329.Ani.ITR_00329_Physics,BFX_Low_01.Etc.Par_G_EnergyBall_001 BFX_Low_01.Etc.Par_G_EnergyBall_001 BFX_Low_01.Etc.Par_G_Electric_001 BFX_Low_01.Etc.Par_G_Electric_001
itr_00330,EFDLProp_ITR_00330.itr_00330,트리시온 예언의 서,itr_00330.Mesh.ITR_00330_SK,,ITR_00330.Ani.ITR_00330_Ani,ITR_00330.Ani.ITR_00330_Physics,BFX_Low_00.Aura.Par_G_GreenAura_002 BFX_Low_00.Aura.Par_G_GreenAura_001 BFX_Low_00.Aura.Par_G_GreenAura_003
ITR_00331,EFDLProp_ITR_00331.ITR_00331,투빙기에 묶여있는 쇠사슬,ITR_00331.Mesh.ITR_00331_SK,,ITR_00331.Ani.ITR_00331_Ani,ITR_00331.Ani.ITR_00331_Physics,FX_BS_00.Hit.Par_E_HitDefault_01 FX_BS_00.Hit.Par_B_Mat_Wood_001 FX_Gibs_00.par.FX_Par_GibsNormal_Wood
ITR_00332,EFDLProp_ITR_00332.ITR_00332,불타는 잔해더미,ITR_00009.Mesh.ITR_00009_SK,,ITR_00332.Ani.ITR_00332_Ani,ITR_00009.Ani.ITR_00009_Physics,FX_BS_00.Hit.Par_E_HitDefault_01 BFX_Low_01.Fire.Par_G_Fire_02 BFX_Low_01.Fire.Par_G_Fire_02_01
ITR_00333,EFDLProp_ITR_00333.ITR_00333,전투 구역 결계,ITR_00.Mesh.ITR_Box256_SK,,ITR_00.Ani.ITR_Box_SK_Ani,ITR_00.Ani.ITR_Box256_SK_Physics,BFX_Low_01.fence.Par_MP_G_Defence_L_001 BFX_Low_01.fence.Par_MP_G_Defence_E_001
ITR_00333_Tmp,EFDLProp_ITR_00333.ITR_00333_Tmp,전투 구역 결계,ITR_00.Mesh.ITR_Box256_SK,,ITR_00.Ani.ITR_Box_SK_Ani,ITR_00.Ani.ITR_Box256_SK_Physics,BFX_Low_01.fence.Par_MP_G_Defence_L_001 BFX_Low_01.fence.Par_MP_G_Defence_E_001
ITR_00334,EFDLProp_ITR_00334.ITR_00334,악마 소환진 프랍,ITR_00.Mesh.ITR_Box256_SK,,,ITR_00.Ani.ITR_Box256_SK_Physics,BFX_Low_03.Symbol.Par_G_DarkSymbol_001 BFX_Low_03.Symbol.Par_G_DarkSymbol_002 BFX_Low_03.Symbol.Par_G_DarkSymbol_003
ITR_00335,EFDLProp_ITR_00335.ITR_00335,광역 불,ITR_00.Mesh.ITR_Box256_SK,,,ITR_00.Ani.ITR_Box256_SK_Physics,BFX_Low_01.Fire.Par_B_Fire_007
ITR_00336,EFDLProp_ITR_00336.ITR_00336,애니츠 도개교,ITR_00336.Mesh.ITR_00336_SK,,ITR_00336.Ani.ITR_00336_Ani,ITR_00336.Ani.ITR_00336_Physics,BFX_Low_00.Dust.Par_G_Dust_002 BFX_Low_00.Dust.Par_G_BoxDust_001 BFX_Low_00.Dust.Par_G_Dust_002 BFX_Low_00.Dust.Par_G_BoxDust_001 BFX_Low_00.Dust.Par_G_Dust_001
ITR_00337,EFDLProp_ITR_00337.ITR_00337,애니츠 봉인석,MN_MVSS_00.Mesh.MN_MVSS_00_SK,ITR_00337.Mat.ITR_00337_MI,MN_MVSS_00.Ani.MN_MVSS_00_Ani,MN_MVSS_00.Ani.MN_MVSS_00_Physics,fx_mn_00.Par_B_MVSS_Shield_01 fx_mn_00.Par_B_MVSS_Dead_01 FX_CM_00.Dust.Par_E_UnderDust_14
ITR_00338,EFDLProp_ITR_00338.ITR_00338,적아목 새순,ITR_00338.Mesh.ITR_00338_SK,,ITR_00338.Ani.ITR_00338_Ani,ITR_00338.Ani.ITR_00338_Physics,
ITR_00339,EFDLProp_ITR_00339.ITR_00339,보리2,ITR_00339.Mesh.ITR_00339_SK,,ITR_00339.Ani.ITR_00339_Ani,ITR_00339.Ani.ITR_00339_Physics,bfx_low_02.Leaf.Par_G_Leaf_006
ITR_00340,EFDLProp_ITR_00340.ITR_00340,아크로 가는 길 석판(중요부위가 빠진 석판),ITR_00340.Mesh.ITR_00340_SK,,,ITR_00340.Ani.ITR_00340_Physics,
ITR_00341,EFDLProp_ITR_00341.ITR_00341,아크로 가는 길 석판(완성된 석판),ITR_00341.Mesh.ITR_00341_SK,,,ITR_00340.Ani.ITR_00340_Physics,bfx_low_02.Light.Par_G_Light_002
ITR_00342,EFDLProp_ITR_00342.ITR_00342,아크로 가는 길 석판(떨어져 나온 조각),ITR_00342.Mesh.ITR_00342_SK,,,ITR_00342.Ani.ITR_00342_Physics,
ITR_00343,EFDLProp_ITR_00343.ITR_00343,촌장 고리의 대형 낫01,ITR_00343.Mesh.ITR_00343_SK,,,ITR_00343.Ani.ITR_00343_Physics,
ITR_00344,EFDLProp_ITR_00344.ITR_00344,촌장 고리의 대형 낫02,ITR_00344.Mesh.ITR_00344_SK,,,ITR_00344.Ani.ITR_00344_Physics,
ITR_00345,EFDLProp_ITR_00345.ITR_00345,부서진 석상,ITR_00345.Mesh.ITR_00345_SK,,,ITR_00345.Ani.ITR_00345_Physics,
ITR_00346,EFDLProp_ITR_00346.ITR_00346,복구된 석상,ITR_00346.Mesh.ITR_00346_SK,,,ITR_00346.Ani.ITR_00346_Physics,
ITR_00347,EFDLProp_ITR_00347.ITR_00347,기울어진 석상,ITR_00347.Mesh.ITR_00347_SK,,,ITR_00347.Ani.ITR_00347_Physics,
ITR_00348,EFDLProp_ITR_00348.ITR_00348,도굴단 텐트,ITR_00348.Mesh.ITR_00348_SK,,ITR_00348.Ani.ITR_00348_Ani,ITR_00348.Ani.ITR_00348_Physics,FX_BS_00.Hit.Par_E_HitDust_01 BFX_Low_00.Dust.Par_H_Dust_03 BFX_Low_00.Dust.Par_G_BoxDust_001
ITR_00349,EFDLProp_ITR_00349.ITR_00349,파괴된 유적 더미,ITR_00349.Mesh.ITR_00349_SK,,,ITR_00349.Ani.ITR_00349_Physics,
ITR_00350,EFDLProp_ITR_00350.ITR_00350,뼈단지,ITR_00350.Mesh.ITR_00350_SK,,ITR_00350.Ani.ITR_00350_Ani,ITR_00350.Ani.ITR_00350_Physics,bfx_low_02.Light.Par_G_Light_003
ITR_00351,EFDLProp_ITR_00351.ITR_00351,검은 흙더미,ITR_00351.Mesh.ITR_00351_SK,,ITR_00351.Ani.ITR_00351_Ani,ITR_00351.Ani.ITR_00351_Physics,BFX_Low_00.Dust.Par_G_SandDust_001
ITR_00352,EFDLProp_ITR_00352.ITR_00352,잘려나간보리,ITR_00352.Mesh.ITR_00352_SK,,ITR_00.Ani.ITR_Common_Ani,ITR_00352.Ani.ITR_00352_Physics,
ITR_00353,EFDLProp_ITR_00353.ITR_00353,비파악기,ITR_00353.Mesh.ITR_00353_SK,,,ITR_00353.Ani.ITR_00353_Physics,
ITR_00354,EFDLProp_ITR_00354.ITR_00354,꽃이 가득한 화단,ITR_00354.Mesh.ITR_00354_SK,,,ITR_00354.Ani.ITR_00354_Physics,
ITR_00355,EFDLProp_ITR_00355.ITR_00355,폭발가시함정,ITR_00355.Mesh.ITR_00355_SK,,ITR_00355.Ani.ITR_00355_Ani,ITR_00355.Ani.ITR_00355_Physics,BFX_Low_01.Explosion.Par_G_Explosion_001
ITR_00356,EFDLProp_ITR_00356.ITR_00356,암석,ITR_30013.Mesh.ITR_30013,,,ITR_30013.Ani.ITR_30013_Physics,
ITR_00357,EFDLProp_ITR_00357.ITR_00357,철광석,ITR_30014.Mesh.ITR_30014,,,ITR_30014.Ani.ITR_30014_Physics,
ITR_00358,EFDLProp_ITR_00358.ITR_00358,크리스탈,ITR_30015.Mesh.ITR_30015,,,ITR_30015.Ani.ITR_30015_Physics,
ITR_00359,EFDLProp_ITR_00359.ITR_00359,나무토막,ITR_30016.Mesh.ITR_30016,,,ITR_30016.Ani.ITR_30016_Physics,
ITR_00360,EFDLProp_ITR_00360.ITR_00360,나뭇가지,ITR_30017.Mesh.ITR_30017,,,ITR_30017.Ani.ITR_30017_Physics,
ITR_00361,EFDLProp_ITR_00361.ITR_00361,지스타발리스타본체,CINE_Prob_01.Mesh.CINE_Ballista01_SK,,CINE_Prob_01.Ani.CINE_Ballista01_Ani,CINE_Prob_01.Mesh.CINE_Ballista01_Physics,
ITR_00362,EFDLProp_ITR_00362.ITR_00362,지스타발리스타발사체,CINE_Prob_01.Mesh.CINE_Ballista02_SK,,CINE_Prob_01.Ani.CINE_Ballista02_Ani,CINE_Prob_01.Mesh.CINE_Ballista02_Physics,
ITR_00363,EFDLProp_ITR_00363.ITR_00363,레이드몹 얼음 바닥,ITR_00.Mesh.ITR_Box512_SK,,ITR_00.Ani.ITR_Box_SK_Ani,ITR_00.Ani.ITR_Box512_SK_Physics,
ITR_00364,EFDLProp_ITR_00364.ITR_00364,불 붙은 작대기,ITR_00364.Mesh.ITR_00364_SK,,,ITR_00364.ITR_00364_SK_Physics,BFX_Low_01.Fire.Par_C_FireTorch_001
ITR_00365,EFDLProp_ITR_00365.ITR_00365,실리안의 깃발,ITR_00365.Mesh.ITR_00365_SK,,ITR_00365.Ani.ITR_00365_SK_Ani,ITR_00365.Ani.ITR_00365_Physics,
ITR_00366,EFDLProp_ITR_00366.ITR_00366,전서구 새장,ITR_00366.Mesh.ITR_00366_SK,,ITR_00366.Ani.ITR_00366_Ani,ITR_00366.Ani.ITR_00366_Physics,
ITR_00367,EFDLProp_ITR_00367.ITR_00367,부서진 방책,ITR_00367.Mesh.ITR_00367_SK,,ITR_00367.Ani.ITR_00367_Ani,ITR_00367.Ani.ITR_00367_Physics,
ITR_00368,EFDLProp_ITR_00368.ITR_00368,석재,ITR_00368.Mesh.ITR_00368_SK,,,ITR_00368.Mesh.ITR_00368_Physics,
ITR_00369,EFDLProp_ITR_00369.ITR_00369,고원 해독초,ITR_00109.Mesh.ITR_00109_SK,ITR_00369.Mat.ITR_00369_MI,,ITR_00109.Ani.ITR_00109_Physics,
ITR_00370,EFDLProp_ITR_00370.ITR_00370,열매나무,ITR_00370.Mesh.ITR_00370_SK,,ITR_00370.Ani.ITR_00370_Ani,ITR_00370.Ani.ITR_00370_Physics,BFX_Low_03.Snow.Par_G_Snow_02
ITR_00371,EFDLProp_ITR_00371.ITR_00371,만년설 덩어리,ITR_00371.Mesh.ITR_00371_SK,,,ITR_00371.Ani.ITR_00371_SK_Physics,
ITR_00372,EFDLProp_ITR_00372.ITR_00372,떨어진 무기,ITR_00372.Mesh.ITR_00372_SK,,,ITR_00372.Ani.ITR_00372_SK_Physics,
ITR_00373,EFDLProp_ITR_00373.ITR_00373,신호탄,ITR_00373.Mesh.ITR_00373_SK,,,ITR_00373.Ani.ITR_00373_Physics,BFX_Low_01.Fire.Par_G_Flare_01
ITR_00374,EFDLProp_ITR_00374.ITR_00374,물고기 망,ITR_00374.Mesh.ITR_00374_SK,,,ITR_00374.Ani.ITR_00374_Physics,bfx_low_02.fish.Par_G_Fish_01
ITR_00375,EFDLProp_ITR_00375.ITR_00375,린지스 추모비석,ITR_00375.Mesh.ITR_00375_SK,,,ITR_00375.Ani.ITR_00375_Physics,
ITR_00376,EFDLProp_ITR_00376.ITR_00376,봉화대,ITR_00376.Mesh.ITR_00376_SK,,,ITR_00376.Ani.ITR_00376_Physics,BFX_Low_01.Fire.Par_A_Fire_002 BFX_Low_01.Fire.Par_G_Fire_05_01 BFX_Low_01.Fire.Par_G_Fire_05_02 BFX_Low_01.Fire.Par_G_Fire_05_03
ITR_00377,EFDLProp_ITR_00377.ITR_00377,만드라고라 포자,ITR_00377.Mesh.ITR_00377_SK,,ITR_00377.Ani.ITR_00377_Ani,ITR_00377.Ani.ITR_00377_Physics,BFX_Low_01.Etc.Par_G_FlowerDust_001 FX_BS_00.Hit.Par_E_HitDefault_01
ITR_00378,EFDLProp_ITR_00378.ITR_00378,여왕 그리폰의 알,ITR_00378.Mesh.ITR_00378_SK,,,ITR_00378.Ani.ITR_00378_Physics,
ITR_00379,EFDLProp_ITR_00379.ITR_00379,부서진 울타리,ITR_00379.Mesh.ITR_00379_SK,,ITR_00379.Ani.ITR_00379_Ani,ITR_00379.Ani.ITR_00379_Physics,
ITR_00380,EFDLProp_ITR_00380.ITR_00380,실리안의 흔적,ITR_00380.Mesh.ITR_00380_SK,,,ITR_00380.Ani.ITR_00380_Physics,
ITR_00381,EFDLProp_ITR_00381.ITR_00381,아만의 흔적,ITR_00380.Mesh.ITR_00380_SK,ITR_00381.Mat.ITR_00381_MI,,ITR_00380.Ani.ITR_00380_Physics,
ITR_00382,EFDLProp_ITR_00382.ITR_00382,성스러운 휏불,ITR_00382.Mesh.ITR_00382_SK,,,ITR_00382.Ani.ITR_00382_Physics,BFX_Low_01.Fire.Par_C_FireTorch_001
ITR_00383,EFDLProp_ITR_00383.ITR_00383,어둠의 오브,ITR_00383.Mesh.ITR_00383_SK,,ITR_00383.Ani.ITR_00383_Ani,ITR_00383.Ani.ITR_00383_Physics,BFX_Low_03.Symbol.Par_G_DarkSymbol_004 FX_BS_00.Hit.Par_E_HitDefault_01 BFX_Low_03.Symbol.Par_G_DarkSymbol_004_01
ITR_00384,EFDLProp_ITR_00384.ITR_00384,오염된 성수,ITR_00384.Mesh.ITR_00384_SK,,,ITR_00384.Ani.ITR_00384_Physics,BFX_Low_03.Smoke.Par_G_DarkSmoke_01 BFX_Low_03.Smoke.Par_G_DarkSmoke_01_02
ITR_00385,EFDLProp_ITR_00385.ITR_00385,약탈 수레,ITR_00385.Mesh.ITR_00385_SK,,ITR_00385.Ani.ITR_00385_Ani,ITR_00385.Ani.ITR_00385_Physics,BFX_Low_00.Dust.Par_G_ITR_BM01_Hit_02 FX_BS_00.Hit.Par_E_HitDefault_01
ITR_00386,EFDLProp_ITR_00386.ITR_00386,대신들의 시체,ITR_00386.Mesh.ITR_00386_SK,,ITR_00386.Ani.ITR_00386_Ani,ITR_00386.Ani.ITR_00386_Physics,
ITR_00387,EFDLProp_ITR_00387.ITR_00387,철퇴,ITR_00387.Mesh.ITR_00387_SK,,ITR_00387.Ani.ITR_00387_Ani,ITR_00387.Ani.ITR_00387_Physics,
ITR_00388,EFDLProp_ITR_00388.ITR_00388,나무감옥,ITR_00388.Mesh.ITR_00388_SK,,,ITR_00388.Ani.ITR_00388_Physics,
ITR_00389,EFDLProp_ITR_00389.ITR_00389,부서진 기둥더미02,ITR_00389.Mesh.ITR_00389_SK,,ITR_00389.Ani.ITR_00389_Ani,ITR_00389.Ani.ITR_00389_Physics,BFX_Low_00.Dust.Par_G_Dustburst_06 BFX_Low_00.Dust.Par_G_Dust_002 BFX_Low_00.Dust.Par_G_Dust_05
ITR_00390,EFDLProp_ITR_00390.ITR_00390,용병무기상자,ITR_00043.Mesh.ITR_00043_SK,,ITR_00043.Ani.ITR_00043_Ani,ITR_00043.Ani.ITR_00043_Physics,FX_BS_00.Hit.Par_E_HitDefault_01 BFX_Low_00.Dust.Par_C_BoxCrash_001 BFX_Low_00.Dust.Par_C_BoxCrash_001 BFX_Low_00.Dust.Par_C_BoxCrash_001
ITR_00391,EFDLProp_ITR_00391.ITR_00391,초소방책,ITR_00391.Mesh.ITR_00391_SK,,ITR_00391.Ani.ITR_00391_Ani,ITR_00391.Ani.ITR_00391_Physics,BFX_Low_00.Dust.Par_G_ITR_BM01_Hit_02 FX_BS_00.Hit.Par_E_HitDefault_01
ITR_00392,EFDLProp_ITR_00392.ITR_00392,버려진마차,ITR_00295.Mesh.ITR_00295_SK,ITR_00392.Mat.ITR_00392_MI,,ITR_00295.Ani.ITR_00295_Physics,
ITR_00393,EFDLProp_ITR_00393.ITR_00393,생명의 나무,ITR_00393.Mesh.ITR_00393_SK,,,ITR_00393.Ani.ITR_00393_Physics,bfx_low_02.Light.Par_G_Light_005 bfx_low_02.Light.Par_G_Light_005_02
ITR_00394,EFDLProp_ITR_00394.ITR_00394,사슬전쟁의 유물,ITR_00394.Mesh.ITR_00394_SK,,,ITR_00394.Ani.ITR_00394_Physics,
ITR_00395,EFDLProp_ITR_00395.ITR_00395,그리폰의 알,ITR_00395.Mesh.ITR_00395_SK,,,ITR_00395.Mesh.ITR_00395_SK_Physics,
ITR_00396,EFDLProp_ITR_00396.ITR_00396,버려진마차02,ITR_00396.Mesh.ITR_00396_SK,,ITR_00396.Ani.ITR_00396_Ani,ITR_00396.Ani.ITR_00396_Physics,BFX_Low_00.Dust.Par_G_ITR_BM01_Hit_02 FX_BS_00.Hit.Par_E_HitDefault_01
ITR_00397,EFDLProp_ITR_00397.ITR_00397,고장난 바람길 풍차,ITR_00397.Mesh.ITR_00397_SK,,ITR_00397.Ani.ITR_00397_Ani,ITR_00397.Ani.ITR_00397_Physics,
ITR_00398,EFDLProp_ITR_00398.ITR_00398,불붙은 화로,ITR_00398.Mesh.ITR_00398_SK,,,ITR_00398.Ani.ITR_00398_Physics,BFX_Low_03.Smoke.Par_G_Smoke_01_02 BFX_Low_01.Fire.Par_G_Fire_05_01
ITR_00399,EFDLProp_ITR_00399.ITR_00399,베리덤불,ITR_00399.Mesh.ITR_00399_SK,,,ITR_00399.Ani.ITR_00399_Physics,
ITR_00400,EFDLProp_ITR_00400.ITR_00400,화살취,ITR_00400.Mesh.ITR_00400_SK,,,ITR_00400.Ani.ITR_00400_Physics,
ITR_00401,EFDLProp_ITR_00401.ITR_00401,선택의 문,ITR_00401.Mesh.ITR_00401_SK,,ITR_00401.Ani.ITR_00401_Ani,ITR_00401.Ani.ITR_00401_Physics,bfx_low_02.Light.Par_G_Light_004
ITR_00402,EFDLProp_ITR_00402.ITR_00402,달의 문,ITR_00402.Mesh.ITR_00402_SK,,,ITR_00401.Ani.ITR_00401_Physics,
ITR_00403,EFDLProp_ITR_00403.ITR_00403,불 꺼진 등대,ITR_00403.Mesh.ITR_00403_SK,,,ITR_00403.Ani.ITR_00403_Physics,
ITR_00404,EFDLProp_ITR_00404.ITR_00404,물막이돌02,ITR_00270.Mesh.ITR_00270_SK,,ITR_00270.Ani.ITR_00270_Ani,ITR_00270.Ani.ITR_00270_Physics,BFX_Low_00.Dust.Par_G_ITR_PILLAR11_Dust_001 BFX_Low_00.Dust.Par_G_StonHit_01_02 FX_BS_00.Hit.Par_E_HitDefault_01
ITR_00405,EFDLProp_ITR_00405.ITR_00405,토랄론의 서명판,ITR_00405.Mesh.ITR_00405_SK,,,ITR_00405.Ani.ITR_00405_Physics,
ITR_00406,EFDLProp_ITR_00406.ITR_00406,나뒹굴고 있는 솥단지,ITR_00406.Mesh.ITR_00406_SK,,,ITR_00406.Ani.ITR_00406_Physics,
ITR_00407,EFDLProp_ITR_00407.ITR_00407,편지02,ITR_00407.Mesh.ITR_00407_SK,,,ITR_00407.Ani.ITR_00407_Physics,
ITR_00408,EFDLProp_ITR_00408.ITR_00408,도적단 바리게이트,ITR_00408.Mesh.ITR_00408_SK,,ITR_00408.Ani.ITR_00408_Ani,ITR_00408.Ani.ITR_00408_Physics,BFX_Low_00.Dust.Par_G_ITR_BM01_Hit_02 FX_BS_00.Hit.Par_E_HitDefault_01
ITR_00409,EFDLProp_ITR_00409.ITR_00409,불붙는 소금자루,ITR_00218.Mesh.ITR_00218_SK,ITR_00409.Mat.ITR_00409_MI,,ITR_00218.Ani.ITR_00218_Physics,BFX_Low_01.Fire.Par_G_Fire_05_03 BFX_Low_01.Fire.Par_G_Fire_05_02
ITR_00410,EFDLProp_ITR_00410.ITR_00410,불붙는 식량 자루,ITR_00217.Mesh.ITR_00217_SK,ITR_00410.Mat.ITR_00410_01_MI,,ITR_00217.Ani.ITR_00217_Physics,BFX_Low_01.Fire.Par_G_Fire_05_03 BFX_Low_01.Fire.Par_G_Fire_05_02
ITR_00411,EFDLProp_ITR_00411.ITR_00411,도적단의 물건들,ITR_00411.Mesh.ITR_00411_SK,,ITR_00411.Ani.ITR_00411_Ani,ITR_00411.Ani.ITR_00411_Physics,BFX_Low_00.Dust.Par_G_ITR_D_DT01 FX_BS_00.Hit.Par_E_HitDefault_01
ITR_00412,EFDLProp_ITR_00412.ITR_00412,도적단의 무기거치대,ITR_00412.Mesh.ITR_00412_SK,,ITR_00412.Ani.ITR_00412_Ani,ITR_00412.Ani.ITR_00412_SK_Physics,BFX_Low_00.Dust.Par_C_BoxCrash_001 FX_BS_00.Hit.Par_E_HitDefault_01
ITR_00413,EFDLProp_ITR_00413.ITR_00413,도적단 우물,ITR_00413.Mesh.ITR_00413_SK,,ITR_00413.Ani.ITR_00413_Ani,ITR_00413.Ani.ITR_00413_Physics,
ITR_00414,EFDLProp_ITR_00414.ITR_00414,도적단의 식수통,ITR_00016.Mesh.ITR_00016_SK,,ITR_00016.Ani.ITR_00016_Ani,ITR_00016.Ani.ITR_00016_Physics,FX_BS_00.Hit.Par_E_HitDefault_01 BFX_Low_04.Water.Par_G_Water_002 BFX_Low_04.Water.Par_G_WaterSpread_01
ITR_00415,EFDLProp_ITR_00415.ITR_00415,목재더미,ITR_00415.Mesh.ITR_00415_SK,,,ITR_00415.Ani.ITR_00415_Physics,
ITR_00416,EFDLProp_ITR_00416.ITR_00416,스퀘어홀 유디아(cylinder),ITR_00416.Mesh.ITR_00416_SK,,ITR_00416.Ani.ITR_00416_Ani,ITR_00416.Ani.ITR_00416_Physics,BFX_Low_03.Snow.Par_G_Square_ICE_01 BFX_Low_03.Portal.Par_G_Portal_01_01 BFX_Low_03.Snow.Par_G_Square_ICE_02 BFX_Low_03.Portal.Par_G_Portal_01
ITR_00417,EFDLProp_ITR_00417.ITR_00417,황동 광석,ITR_00417.Mesh.ITR_00417_SK,,,ITR_00417.Ani.ITR_00417_Physics,
ITR_00418,EFDLProp_ITR_00418.ITR_00418,유황 광석,ITR_00418.Mesh.ITR_00418_SK,,,ITR_00418.Ani.ITR_00418_Physics,
ITR_00419,EFDLProp_ITR_00419.ITR_00419,윔의 배설물,ITR_00419.Mesh.ITR_00419_SK,,,ITR_00419.Ani.ITR_00419_Physics,
ITR_00420,EFDLProp_ITR_00420.ITR_00420,유랑민 북,ITR_00420.Mesh.ITR_00420_SK,,,ITR_00420.Ani.ITR_00420_Physics,
ITR_00421,EFDLProp_ITR_00421.ITR_00421,망원경,ITR_00421.Mesh.ITR_00421_SK,,,ITR_00421.Ani.ITR_00421_Physics,
ITR_00422,EFDLProp_ITR_00422.ITR_00422,유황초,ITR_00422.Mesh.ITR_00422_SK,,,ITR_00422.Ani.ITR_00422_Physics,
ITR_00423,EFDLProp_ITR_00423.ITR_00423,화롯대,ITR_00398.Mesh.ITR_00398_SK,,ITR_00.Ani.ITR_Common_Ani,ITR_00398.Ani.ITR_00398_Physics,BFX_Low_01.Fire.Par_G_Fire_05_02 BFX_Low_01.Fire.Par_G_Fire_05_01 BFX_Low_01.Fire.Par_G_Fire_05_02
ITR_00424,EFDLProp_ITR_00424.ITR_00424,부서진 목책,ITR_00424.Mesh.ITR_00424_SK,,ITR_00424.Ani.ITR_00424_Ani,ITR_00424.Ani.ITR_00424_Physics,
ITR_00425,EFDLProp_ITR_00425.ITR_00425,유적더미01,ITR_00425.Mesh.ITR_00425_SK,,,ITR_00425.Ani.ITR_00425_Physics,
ITR_00429,EFDLProp_ITR_00426.ITR_00429,기도문이 새겨진 비석,ITR_00426.Mesh.ITR_00426_SK,,,ITR_00426.Ani.ITR_00426_Physics,
ITR_00427,EFDLProp_ITR_00427.ITR_00427,몽환초,ITR_00427.Mesh.ITR_00427_SK,,,ITR_00427.Ani.ITR_00427_Physics,
ITR_00428,EFDLProp_ITR_00428.ITR_00428,마묵한의 바위,ITR_00428.Mesh.ITR_00428_SK,,,ITR_00428.Ani.ITR_00428_Physics,
ITR_00429,EFDLProp_ITR_00429.ITR_00429,마묵한의 보물상자,ITR_00001.Mesh.ITR_00001_SK,ITR_00429.Mat.ITR_00429_01_MI,ITR_00001.Ani.ITR_00001_Ani,ITR_00001.Ani.ITR_00001_Physics,FX_G_01.FX_Par.Par_G_GoldLight_002 FX_G_01.FX_Par.Par_G_GoldLight_001
ITR_00430,EFDLProp_ITR_00430.ITR_00430,약병 주머니,ITR_00430.Mesh.ITR_00430_SK,,,ITR_00430.Ani.ITR_00430_Physics,
ITR_00431,EFDLProp_ITR_00431.ITR_00431,적색 윙가 알,ITR_00431.Mesh.ITR_00431_SK,,,ITR_00431.Ani.ITR_00431_Physics,
ITR_00432,EFDLProp_ITR_00432.ITR_00432,네바티안 비석,ITR_00432.Mesh.ITR_00432_SK,,,ITR_00432.Ani.ITR_00432_Physics,
ITR_00433,EFDLProp_ITR_00433.ITR_00433,뭔가 숨어있을 것 같은 땅,ITR_00433.Mesh.ITR_00433_SK,,ITR_00433.Ani.ITR_00433_Ani,ITR_00433.Ani.ITR_00433_Physics,FX_G_01.FX_Par.Par_G_Dust_05
ITR_00434,EFDLProp_ITR_00434.ITR_00434,회식 음식,ITR_00434.Mesh.ITR_00434_SK,,,,
ITR_00435,EFDLProp_ITR_00435.ITR_00435,네바티안 성터 조각상,ITR_00435.Mesh.ITR_00435_SK,,ITR_00435.Ani.ITR_00435_Ani,ITR_00435.Ani.ITR_00435_Physics,FX_BS_00.Hit.Par_E_HitDefault_01 BFX_Low_00.Dust.Par_G_StonHit_01_02
ITR_00436,EFDLProp_ITR_00436.ITR_00436,네비티안 성터 우물,ITR_00436.Mesh.ITR_00436_SK,,,ITR_00436.Ani.ITR_00436_Physics,
ITR_00437,EFDLProp_ITR_00437.ITR_00437,네바티안 유적 항아리,ITR_00437.Mesh.ITR_00437_SK,,ITR_00437.Ani.ITR_00437_Ani,ITR_00437.Ani.ITR_00437_SK_Physics,FX_BS_00.Hit.Par_E_HitDefault_01 BFX_Low_00.Dust.Par_G_ITR_GLAZEPOT_Hit
ITR_00438,EFDLProp_ITR_00438.ITR_00438,비싸보이는 항아리,ITR_00438.Mesh.ITR_00438_SK,,ITR_00438.Ani.ITR_00438_Ani,ITR_00438.Ani.ITR_00438_SK_Physics,FX_BS_00.Hit.Par_E_HitDefault_01 BFX_Low_00.Dust.Par_G_ITR_GLAZEPOT_Hit
ITR_00439,EFDLProp_ITR_00439.ITR_00439,악마 주술서,ITR_00439.Mesh.ITR_00439_SK,,,ITR_00439.Ani.ITR_00439_Physics,
ITR_00440,EFDLProp_ITR_00440.ITR_00440,악마 주술 토템,ITR_00440.Mesh.ITR_00440_SK,,,ITR_00440.Ani.ITR_00440_Physics,BFX_Low_00.Aura.Par_G_Aura_02 BFX_Low_00.Aura.Par_G_Aura_02_01 BFX_Low_00.Aura.Par_G_Aura_03 BFX_Low_00.Aura.Par_G_Aura_03_01
ITR_00441,EFDLProp_ITR_00441.ITR_00441,악마 주둔지 울타리,ITR_00441.Mesh.ITR_00441_SK,,,ITR_00441.Ani.ITR_00441_Physics,BFX_Low_01.Fire.Par_B_Fire_006 FX_G_01.FX_Par.Par_G_FireGone_006
ITR_00442,EFDLProp_ITR_00442.ITR_00442,사람을 가둔 악마 우리,ITR_00442.Mesh.ITR_00442_SK,,,ITR_00442.Ani.ITR_00442_Physics,BFX_Low_00.Aura.Par_G_Aura_02 BFX_Low_00.Aura.Par_G_Aura_02_01
ITR_00443,EFDLProp_ITR_00443.ITR_00443,유랑민 전사 시체,ITR_00443.Mesh.ITR_00443_SK,,,ITR_00443.Ani.ITR_00443_Physics,
ITR_00444,EFDLProp_ITR_00444.ITR_00444,마차 바퀴,ITR_00444.Mesh.ITR_00444_SK,,,ITR_00444.Ani.ITR_00444_Physics,
ITR_00445,EFDLProp_ITR_00445.ITR_00445,짐마차,ITR_00445.Mesh.ITR_00445_SK,,,ITR_00445.Ani.ITR_00445_Physics,
ITR_00446,EFDLProp_ITR_00446.ITR_00446,비상 식량 주머니,ITR_00446.Mesh.ITR_00446_SK,,,ITR_00446.Ani.ITR_00446_Physics,
ITR_00447,EFDLProp_ITR_00447.ITR_00447,소금기 있는 바위,ITR_00447.Mesh.ITR_00447_SK,,ITR_00447.Ani.ITR_00447_Ani,ITR_00447.Ani.ITR_00447_SK_Physics,FX_BS_00.Hit.Par_E_HitDefault_01 BFX_Low_00.Dust.Par_G_StonHit_01_02 BFX_Low_03.Sparkling.Par_G_Salt_02
ITR_00448,EFDLProp_ITR_00448.ITR_00448,알 수 없는 상자,ITR_00448.Mesh.ITR_00448_SK,,ITR_00448.Ani.ITR_00448_Ani,ITR_00448.Ani.ITR_00448_Physics,FX_BS_00.Hit.Par_E_HitDefault_01 BFX_Low_00.Dust.Par_G_BoxDust_001
ITR_00449,EFDLProp_ITR_00449.ITR_00449,보급품 상자,ITR_00449.Mesh.ITR_00449_SK,,,ITR_00449.Ani.ITR_00449_Physics,
ITR_00451,EFDLProp_ITR_00451.ITR_00451,악마의 거울01,ITR_00451.Mesh.ITR_00451_SK,,,ITR_00451.Ani.ITR_00451_Physics,
ITR_00452,EFDLProp_ITR_00452.ITR_00452,악마의 거울02,ITR_00452.Mesh.ITR_00452_SK,,,ITR_00452.Ani.ITR_00452_Physics,
ITR_00453,EFDLProp_ITR_00453.ITR_00453,천상의 숨결,ITR_00453.Mesh.ITR_00453_SK,,,ITR_00453.Ani.ITR_00453_Physics,
ITR_00454,EFDLProp_ITR_00454.ITR_00454,생활_식물_허브A(노란꽃),ITR_00454.Mesh.ITR_00454_SK,,,ITR_00454.Ani.ITR_00454_SK_Physics,
ITR_00455,EFDLProp_ITR_00455.ITR_00455,생활_식물_허브A(다홍꽃),ITR_00455.Mesh.ITR_00455_SK,,,ITR_00454.Ani.ITR_00454_SK_Physics,
ITR_00456,EFDLProp_ITR_00456.ITR_00456,스퀘어홀 루테란(cylinder),ITR_00456.Mesh.ITR_00456_SK,,ITR_00456.Ani.ITR_00456_Ani,ITR_00456.Ani.ITR_00456_Physics,BFX_Low_00.Aura.Par_G_Blue_Aura_01 BFX_Low_03.Portal.Par_G_Portal_01_01 BFX_Low_03.Portal.Par_G_Portal_01
ITR_00457,EFDLProp_ITR_00457.ITR_00457,생활_식물_덤불A(라즈베리),ITR_00457.Mesh.ITR_00457_SK,,,ITR_00457.Ani.ITR_00457_SK_Physics,
ITR_00458,EFDLProp_ITR_00458.ITR_00458,생활_식물_덤불B(블루베리),ITR_00458.Mesh.ITR_00458_SK,,,ITR_00457.Ani.ITR_00457_SK_Physics,
ITR_00459,EFDLProp_ITR_00459.ITR_00459,생활_식물_낮게깔린 풀잎,ITR_00459.Mesh.ITR_00459_SK,,,ITR_00459.Mesh.ITR_00459_SK_Physics,
ITR_00460,EFDLProp_ITR_00460.ITR_00460,생활_식물_야생화 A(보라색 꽃),ITR_00460.Mesh.ITR_00460_SK,,,ITR_00460.Ani.ITR_00460_SK_Physics,
ITR_00461,EFDLProp_ITR_00461.ITR_00461,생활_식물_야생화 B(분홍색 꽃),ITR_00461.Mesh.ITR_00461_SK,,,ITR_00460.Ani.ITR_00460_SK_Physics,
ITR_00462,EFDLProp_ITR_00462.ITR_00462,생활_식물_뿌리채소 A(감자,고구마),ITR_00462.Mesh.ITR_00462_SK,,,ITR_00462.Ani.ITR_00462_SK_Physics,
ITR_00463,EFDLProp_ITR_00463.ITR_00463,생활_식물_줄기채소 A(양파),ITR_00463.Mesh.ITR_00463_SK,,,ITR_00463.Ani.ITR_00463_SK_Physics,
ITR_00464,EFDLProp_ITR_00464.ITR_00464,생활_식물_높은 키채소 (토마토),ITR_00464.Mesh.ITR_00464_SK,,,ITR_00464.Ani.ITR_00464_SK_Physics,
ITR_00465,EFDLProp_ITR_00465.ITR_00465,생활_식물_높은 키채소 (파프리카),ITR_00465.Mesh.ITR_00465_SK,,,ITR_00464.Ani.ITR_00464_SK_Physics,
ITR_00466,EFDLProp_ITR_00466.ITR_00466,생활_식물_높은 흰꽃 인삼,ITR_00466.Mesh.ITR_00466_SK,,,ITR_00460.Ani.ITR_00460_SK_Physics,
ITR_00467,EFDLProp_ITR_00467.ITR_00467,생활_식물_높은 다홍색꽃 인삼,ITR_00467.Mesh.ITR_00467_SK,,,ITR_00460.Ani.ITR_00460_SK_Physics,
ITR_00468,EFDLProp_ITR_00468.ITR_00468,생활_식물_높은 야광 버섯,ITR_00468.Mesh.ITR_00468_SK,,,ITR_00468.Ani.ITR_00468_SK_Physics,
ITR_00469,EFDLProp_ITR_00469.ITR_00469,생활_식물_높은 산호초 버섯,ITR_00469.Mesh.ITR_00469_SK,,,ITR_00460.Ani.ITR_00460_SK_Physics,
ITR_00470,EFDLProp_ITR_00470.ITR_00470,생활_식물_높은 초대형 버섯,ITR_00470.Mesh.ITR_00470_SK,,,ITR_00470.Ani.ITR_00470_SK_Physics,
ITR_00471,EFDLProp_ITR_00471.ITR_00471,생활_식물_줄기채소 A(레몬그라스),ITR_00471.Mesh.ITR_00471_SK,,,ITR_00471.Ani.ITR_00471_SK_Physics,
ITR_00472,EFDLProp_ITR_00472.ITR_00472,생활_식물_높은 키채소 (가지),ITR_00472.Mesh.ITR_00472_SK,,,ITR_00464.Ani.ITR_00464_SK_Physics,
ITR_00473,EFDLProp_ITR_00473.ITR_00473,전서구 새장02,ITR_00473.Mesh.ITR_00473_SK,,ITR_00473.Ani.ITR_00473_Ani,ITR_00473.Ani.ITR_00473_Physics,
ITR_00474,EFDLProp_ITR_00474.ITR_00474,유적더미02,ITR_00474.Mesh.ITR_00474_SK,,,ITR_00474.Ani.ITR_00474_Physics,
ITR_00475,EFDLProp_ITR_00475.ITR_00475,생활_벌목_나무_침엽수_소형,ITR_00475.Mesh.ITR_00475_SK,,,ITR_00475.Ani.ITR_00475_SK_Physics,
ITR_00476,EFDLProp_ITR_00476.ITR_00476,생활_벌목_나무_침엽수_대형,ITR_00476.Mesh.ITR_00476_SK,,,ITR_00476.Ani.ITR_00476_SK_Physics,
ITR_00477,EFDLProp_ITR_00477.ITR_00477,생활_벌목_나무_침엽수_초대형,ITR_00477.Mesh.ITR_00477_SK,,,ITR_00477.Ani.ITR_00477_SK_Physics,
ITR_00478,EFDLProp_ITR_00478.ITR_00478,소금나무02,ITR_00095.Mesh.ITR_00095_SK,,ITR_00095.Ani.ITR_00095_aNI01,ITR_00095.Ani.ITR_00095_Physics,FX_BS_00.Hit.Par_E_HitDefault_01 BFX_Low_03.Sparkling.Par_G_Salt_02 BFX_Low_00.Dust.Par_G_Dust_001
ITR_00479,EFDLProp_ITR_00479.ITR_00479,생활_채광_월장석중,ITR_00479.Mesh.ITR_00479_SK,,,ITR_00479.Ani.ITR_00479_SK_Physics,
ITR_00480,EFDLProp_ITR_00480.ITR_00480,생활_채광_월장석대,ITR_00480.Mesh.ITR_00480_SK,,,ITR_00480.Ani.ITR_00480_SK_Physics,
ITR_00481,EFDLProp_ITR_00481.ITR_00481,술동이,ITR_00172.ITR_Pot01_SK,,ITR_00172.ITR_Pot01_Ani,ITR_00172.ITR_Pot01_Physics,
ITR_00482,EFDLProp_ITR_00482.ITR_00482,생활_채광_황철석중,ITR_00479.Mesh.ITR_00479_SK,ITR_00482.Mat.ITR_00482_MI,,ITR_00479.Ani.ITR_00479_SK_Physics,
ITR_00483,EFDLProp_ITR_00483.ITR_00483,생활_채광_황철석대,ITR_00480.Mesh.ITR_00480_SK,ITR_00483.Mat.ITR_00483_MI,,ITR_00480.Ani.ITR_00480_SK_Physics,
ITR_00484,EFDLProp_ITR_00484.ITR_00484,생활_채광_석류석중,ITR_00484.Mesh.ITR_00484_SK,,,,
ITR_00485,EFDLProp_ITR_00485.ITR_00485,생활_채광_석류석대,ITR_00485.Mesh.ITR_00485_SK,,,,
ITR_00486,EFDLProp_ITR_00486.ITR_00486,생활_채광_감람석중,ITR_00484.Mesh.ITR_00484_SK,ITR_00486.Mat.ITR_00486_MI,,,
ITR_00487,EFDLProp_ITR_00487.ITR_00487,생활_채광_감람석대,ITR_00485.Mesh.ITR_00485_SK,ITR_00487.Mat.ITR_00487_MI,,,
ITR_00488,EFDLProp_ITR_00488.ITR_00488,생활_채광_흑요석중,ITR_00488.Mesh.ITR_00488_SK,,,,
ITR_00489,EFDLProp_ITR_00489.ITR_00489,생활_채광_흑요석대,ITR_00489.Mesh.ITR_00489_SK,,,,
itr_00490,EFDLprop_ITR_00490.itr_00490,빈 테이블,itr_00490.Mesh.ITR_00490_SK,,,,
itr_00491,EFDLprop_ITR_00491.itr_00491,책 더미,itr_00491.Mesh.ITR_00491_SK,,,itr_00491.Ani.ITR_00491_Physics,
itr_00493,EFDLprop_ITR_00493.itr_00493,책묶음,itr_00493.Mesh.ITR_00493_SK,,,itr_00493.Ani.ITR_00493_Physics,
itr_00494,EFDLProp_ITR_00494.itr_00494,테르미아_도서관_책꽃이,itr_00494.Mesh.ITR_00494_SK,,,itr_00494.Ani.ITR_00494_Physics,
ITR_00495,EFDLprop_ITR_00495.ITR_00495,네리아의 가방,ITR_00495.Mesh.ITR_00495_SK,,,ITR_00495.Ani.ITR_00495_Physics,
ITR_00496,EFDLProp_ITR_00496.ITR_00496,낚시찌_주황,PR_GSTLF_07.Mesh.PR_GSTLF_08_SK,ITR_00496.Mat.ITR_00496_MI,pr_gstlf_07.Ani.PR_GSTLF_08_Ani,pr_gstlf_07.Mesh.PR_GSTLF_08_Physics,bfx_low_02.fish.Par_B_Fishing_GoOff bfx_low_02.fish.Par_B_Fishing_Success BFX_Low_04.Water.Par_H_FishHook_01 bfx_low_02.fish.Par_B_Fishing_Off BFX_Low_04.Water.Par_H_FishHook_Loop_01
ITR_00497,EFDLProp_ITR_00497.ITR_00497,낚시찌_녹색,PR_GSTLF_07.Mesh.PR_GSTLF_08_SK,ITR_00497.Mat.ITR_00497_MI,pr_gstlf_07.Ani.PR_GSTLF_08_Ani,pr_gstlf_07.Mesh.PR_GSTLF_08_Physics,bfx_low_02.fish.Par_B_Fishing_GoOff bfx_low_02.fish.Par_B_Fishing_Success BFX_Low_04.Water.Par_H_FishHook_01 bfx_low_02.fish.Par_B_Fishing_Off BFX_Low_04.Water.Par_H_FishHook_Loop_01
ITR_00498,EFDLProp_ITR_00498.ITR_00498,낚시찌_보라,PR_GSTLF_07.Mesh.PR_GSTLF_08_SK,ITR_00498.Mat.ITR_00498_MI,pr_gstlf_07.Ani.PR_GSTLF_08_Ani,pr_gstlf_07.Mesh.PR_GSTLF_08_Physics,bfx_low_02.fish.Par_B_Fishing_GoOff bfx_low_02.fish.Par_B_Fishing_Success BFX_Low_04.Water.Par_H_FishHook_01 bfx_low_02.fish.Par_B_Fishing_Off BFX_Low_04.Water.Par_H_FishHook_Loop_01
ITR_00499,EFDLProp_ITR_00499.ITR_00499,낚시찌_금색,PR_GSTLF_07.Mesh.PR_GSTLF_08_SK,ITR_00499.Mat.ITR_00499_MI,pr_gstlf_07.Ani.PR_GSTLF_08_Ani,pr_gstlf_07.Mesh.PR_GSTLF_08_Physics,bfx_low_02.fish.Par_B_Fishing_GoOff bfx_low_02.fish.Par_B_Fishing_Success BFX_Low_04.Water.Par_H_FishHook_01 bfx_low_02.fish.Par_B_Fishing_Off BFX_Low_04.Water.Par_H_FishHook_Loop_01
ITR_00500,EFDLProp_ITR_00500.ITR_00500,낚시찌_회색,PR_GSTLF_07.Mesh.PR_GSTLF_08_SK,ITR_00500.Mat.ITR_00500_MI,pr_gstlf_07.Ani.PR_GSTLF_08_Ani,pr_gstlf_07.Mesh.PR_GSTLF_08_Physics,bfx_low_02.fish.Par_B_Fishing_GoOff bfx_low_02.fish.Par_B_Fishing_Success BFX_Low_04.Water.Par_H_FishHook_01 bfx_low_02.fish.Par_B_Fishing_Off BFX_Low_04.Water.Par_H_FishHook_Loop_01
ITR_00501,EFDLProp_ITR_00501.ITR_00501,얼음기둥,ITR_00501.Mesh.ITR_00501_SK,,,,
ITR_00502,EFDLProp_ITR_00502.ITR_00502,암벽,ITR_00502.Mesh.ITR_00502_SK,,,,
ITR_10001,EFDLProp_ITR_10001.ITR_10001,빛무리,ITR_00.Mesh.ITR_Box256_SK,,ITR_00.Ani.ITR_Box_SK_Ani,ITR_00.Ani.ITR_Box256_SK_Physics,BFX_Low_03.Portal.Par_G_LightGate_on_01
ITR_10002,EFDLProp_ITR_10002.ITR_10002,NPC 대화,ITR_00.Mesh.ITR_Box256_SK,,ITR_00.Ani.ITR_Box_SK_Ani,ITR_00.Ani.ITR_Box256_SK_Physics,FX_BS_03.mark.Par_I_TalkEvent_01
ITR_10003,EFDLProp_ITR_10003.ITR_10003,NPC 대화,ITR_00.Mesh.ITR_Box256_SK,,ITR_00.Ani.ITR_Box_SK_Ani,ITR_00.Ani.ITR_Box256_SK_Physics,FX_BS_03.mark.Par_I_TalkEvent_01
ITR_10004,EFDLProp_ITR_10004.ITR_10004,포탈테스트 - 포탈타입,ITR_00.Mesh.ITR_Box256_SK,,ITR_00.Ani.ITR_Box_SK_Ani,ITR_00.Ani.ITR_Box256_SK_Physics,BFX_Low_03.Portal.Par_D_Portal_Local_001
ITR_10005,EFDLProp_ITR_10005.ITR_10005,카오스게이트 어둠,ITR_00.Mesh.ITR_Box256_SK,,,ITR_00.Ani.ITR_Box256_SK_Physics,BFX_Low_03.Portal.Par_D_ChaosGate_Dark_02_L BFX_Low_03.Portal.Par_D_ChaosGate_Dark_01_E BFX_Low_03.Portal.Par_D_ChaosGate_Dark_01_S BFX_Low_03.Portal.Par_D_ChaosGate_Dark_01_L
ITR_10006,EFDLProp_ITR_10006.ITR_10006,카오스게이트 광기,ITR_00.Mesh.ITR_Box256_SK,,,ITR_00.Ani.ITR_Box256_SK_Physics,BFX_Low_03.Portal.Par_D_ChaosGate_Mad_01_S BFX_Low_03.Portal.Par_D_ChaosGate_Mad_01_L BFX_Low_03.Portal.Par_D_ChaosGate_Mad_02_L BFX_Low_03.Portal.Par_D_ChaosGate_Mad_01_E
ITR_10007,EFDLProp_ITR_10007.ITR_10007,카오스게이트 몽환,ITR_00.Mesh.ITR_Box256_SK,,,ITR_00.Ani.ITR_Box256_SK_Physics,BFX_Low_03.Portal.Par_D_ChaosGate_Hal_01_S BFX_Low_03.Portal.Par_D_ChaosGate_Hal_01_L BFX_Low_03.Portal.Par_D_ChaosGate_Hal_02_L BFX_Low_03.Portal.Par_D_ChaosGate_Hal_01_E
ITR_10008,EFDLProp_ITR_10008.ITR_10008,카오스게이트 욕망,ITR_00.Mesh.ITR_Box256_SK,,,ITR_00.Ani.ITR_Box256_SK_Physics,BFX_Low_03.Portal.Par_D_ChaosGate_Mad_01_S BFX_Low_03.Portal.Par_D_ChaosGate_Mad_01_L BFX_Low_03.Portal.Par_D_ChaosGate_Mad_02_L BFX_Low_03.Portal.Par_D_ChaosGate_Mad_01_E
ITR_10009,EFDLProp_ITR_10009.ITR_10009,카오스게이트 질병,ITR_00.Mesh.ITR_Box256_SK,,,ITR_00.Ani.ITR_Box256_SK_Physics,BFX_Low_03.Portal.Par_D_ChaosGate_Disea_01_S BFX_Low_03.Portal.Par_D_ChaosGate_Disea_01_L BFX_Low_03.Portal.Par_D_ChaosGate_Disea_02_L BFX_Low_03.Portal.Par_D_ChaosGate_Disea_01_E
ITR_10010,EFDLProp_ITR_10010.ITR_10010,카오스게이트 전조용 빛줄기,ITR_00.Mesh.ITR_Box256_SK,,,ITR_00.Ani.ITR_Box256_SK_Physics,BFX_Low_03.Portal.Par_D_ChaosGate_Sign_01_S BFX_Low_03.Portal.Par_D_ChaosGate_Sign_01_L BFX_Low_03.Portal.Par_D_ChaosGate_Sign_01_E
ITR_10011,EFDLProp_ITR_10011.ITR_10011,큐브맵 집합볼륨,ITR_00.Mesh.ITR_Box256_SK,,ITR_00.Ani.ITR_Box_SK_Ani,ITR_00.Ani.ITR_Box256_SK_Physics,BFX_Low_01.Etc.Par_G_ITR_T_Cube_On BFX_Low_01.Etc.Par_G_ITR_T_Cube_GoOff BFX_Low_01.Etc.Par_G_ITR_T_Cube_Off
ITR_10012,EFDLProp_ITR_10012.ITR_10012,차원의 틈,ITR_00.Mesh.ITR_Box128_SK,,ITR_00.Ani.ITR_Box_SK_Ani,ITR_00.Ani.ITR_Box128_SK_Physics,FX_CM_01.Etc.Par_D_BreakSpace_01_SL FX_CM_01.Etc.Par_D_BreakSpace_02_L FX_CM_01.Etc.Par_D_BreakSpace_02_E FX_BS_00.Hit.Par_D_BreakSpace_Hit_01
ITR_10013,EFDLProp_ITR_10013.ITR_10013,퀘스트 표시,ITR_00.Mesh.ITR_Box256_SK,,ITR_00.Ani.ITR_Box_SK_Ani,ITR_00.Ani.ITR_Box256_SK_Physics,FX_BS_03.mark.Par_D_QST_Prop_01
ITR_10014,EFDLProp_ITR_10014.ITR_10014,범위 표시용 128 x 128,ITR_00.Mesh.ITR_Box128_SK,,ITR_00.Ani.ITR_Box_SK_Ani,ITR_00.Ani.ITR_Box128_SK_Physics,FX_BS_03.mark.Par_G_CircleRange_01
ITR_10015,EFDLProp_ITR_10015.ITR_10015,범위 표시용 256 x 256,ITR_00.Mesh.ITR_Box256_SK,,ITR_00.Ani.ITR_Box_SK_Ani,ITR_00.Ani.ITR_Box256_SK_Physics,FX_BS_03.mark.Par_G_CircleRange_01
ITR_10016,EFDLProp_ITR_10016.ITR_10016,범위 표시용 512 x 512,ITR_00.Mesh.ITR_Box512_SK,,ITR_00.Ani.ITR_Box_SK_Ani,ITR_00.Ani.ITR_Box512_SK_Physics,FX_BS_03.mark.Par_G_CircleRange_01
ITR_10017,EFDLProp_ITR_10017.ITR_10017,간이포탈 2배 길이,ITR_00.Mesh.ITR_Box256_SK,,ITR_00.Ani.ITR_Box_SK_Ani,ITR_00.Ani.ITR_Box256_SK_Physics,BFX_Low_03.Portal.Par_D_Portal_Local_002
ITR_10018,EFDLProp_ITR_10018.ITR_10018,간이포탈 3배 길이,ITR_00.Mesh.ITR_Box256_SK,,ITR_00.Ani.ITR_Box_SK_Ani,ITR_00.Ani.ITR_Box256_SK_Physics,BFX_Low_03.Portal.Par_D_Portal_Local_003
ITR_10019,EFDLProp_ITR_10019.ITR_10019,빛나는 것,ITR_00.Mesh.ITR_Box256_SK,,,ITR_00.Ani.ITR_Box256_SK_Physics,BFX_Low_03.Sparkling.Par_G_ShineDust_001 BFX_Low_03.Sparkling.Par_G_ShineDust_001_02
ITR_10020,EFDLProp_ITR_10020.ITR_10020,혼돈의 틈,ITR_00.Mesh.ITR_Box128_SK,,ITR_00.Ani.ITR_Box_SK_Ani,ITR_00.Ani.ITR_Box128_SK_Physics,FX_CM_01.Etc.Par_D_BreakSpace_01_SL FX_CM_01.Etc.Par_D_BreakSpace_02_L FX_CM_01.Etc.Par_D_BreakSpace_02_E FX_BS_00.Hit.Par_D_BreakSpace_Hit_01
ITR_10021,EFDLProp_ITR_10021.ITR_10021,피의 마법진,ITR_00.Mesh.ITR_Box256_SK,,,ITR_00.Ani.ITR_Box256_SK_Physics,BFX_Low_03.Symbol.Par_G_Blood_Symbol_001 BFX_Low_03.Symbol.Par_G_Blood_Symbol_001_02 BFX_Low_03.Symbol.Par_G_Blood_Symbol_01_03
ITR_10022,EFDLProp_ITR_10022.ITR_10022,뷰 포인트 망원경,,,,,
ITR_20001,EFDLProp_ITR_20001.ITR_20001,투명프랍 사이즈 128,ITR_00.Mesh.ITR_Box128_SK,,ITR_00.Ani.ITR_Box_SK_Ani,ITR_00.Ani.ITR_Box128_SK_Physics,
ITR_20002,EFDLProp_ITR_20002.ITR_20002,투명프랍 사이즈 128 – 인터렉션 위치 설정,ITR_00.Mesh.ITR_Box128_SK,,ITR_00.Ani.ITR_Box_SK_Ani,ITR_00.Ani.ITR_Box128_SK_Physics,
ITR_20003,EFDLProp_ITR_20003.ITR_20003,투명프랍 사이즈 256 – 인터렉션 위치 설정,ITR_00.Mesh.ITR_Box256_SK,,ITR_00.Ani.ITR_Box_SK_Ani,ITR_00.Ani.ITR_Box256_SK_Physics,
ITR_20004,EFDLProp_ITR_20004.ITR_20004,투명프랍 사이즈 512 – 인터렉션 위치 설정,ITR_00.Mesh.ITR_Box512_SK,,ITR_00.Ani.ITR_Box_SK_Ani,ITR_00.Ani.ITR_Box512_SK_Physics,
ITR_20005,EFDLProp_ITR_20005.ITR_20005,투명프랍 사이즈 128 – 인터렉션면,ITR_00.Mesh.ITR_Box128_A_SK,,ITR_00.Ani.ITR_Box_SK_Ani,ITR_00.Ani.ITR_Box128_SK_Physics,
ITR_20006,EFDLProp_ITR_20006.ITR_20006,투명프랍 사이즈 256 – 인터렉션면,ITR_00.Mesh.ITR_Box256_A_SK,,ITR_00.Ani.ITR_Box_SK_Ani,ITR_00.Ani.ITR_Box256_SK_Physics,
ITR_20007,EFDLProp_ITR_20007.ITR_20007,투명프랍 사이즈 512 – 인터렉션면,ITR_00.Mesh.ITR_Box512_A_SK,,ITR_00.Ani.ITR_Box_SK_Ani,ITR_00.Ani.ITR_Box512_SK_Physics,
ITR_20008,EFDLProp_ITR_20008.ITR_20008,투명프랍 사이즈 128 – 인터렉션 외각,ITR_00.Mesh.ITR_Box128_B_SK,,ITR_00.Ani.ITR_Box_SK_Ani,ITR_00.Ani.ITR_Box128_SK_Physics,
ITR_20009,EFDLProp_ITR_20009.ITR_20009,투명프랍 사이즈 256 – 인터렉션 외각,ITR_00.Mesh.ITR_Box256_B_SK,,ITR_00.Ani.ITR_Box_SK_Ani,ITR_00.Ani.ITR_Box256_SK_Physics,
ITR_20010,EFDLProp_ITR_20010.ITR_20010,투명프랍 사이즈 512 – 인터렉션 외각,ITR_00.Mesh.ITR_Box512_B_SK,,ITR_00.Ani.ITR_Box_SK_Ani,ITR_00.Ani.ITR_Box512_SK_Physics,
ITR_20011,EFDLProp_ITR_20011.ITR_20011,투명프랍 사이즈 128 – 인터렉션 없음,ITR_00.Mesh.ITR_Box128_C_SK,,ITR_00.Ani.ITR_Box_SK_Ani,ITR_00.Ani.ITR_Box128_SK_Physics,
ITR_20012,EFDLProp_ITR_20012.ITR_20012,투명프랍 사이즈 256 – 인터렉션 없음,ITR_00.Mesh.ITR_Box256_C_SK,,ITR_00.Ani.ITR_Box_SK_Ani,ITR_00.Ani.ITR_Box256_SK_Physics,
ITR_20013,EFDLProp_ITR_20013.ITR_20013,투명프랍 사이즈 512 – 인터렉션 없음,ITR_00.Mesh.ITR_Box512_C_SK,,ITR_00.Ani.ITR_Box_SK_Ani,ITR_00.Ani.ITR_Box512_SK_Physics,
ITR_20014,EFDLProp_ITR_20014.ITR_20014,투명프랍 사이즈 128 - Cylinder,ITR_00.Mesh.ITR_Box128_SK,,ITR_00.Ani.ITR_Box_SK_Ani,ITR_00.Ani.ITR_Cylinder128_SK_Physics,
